snapshot_datetime,facility,ed_treatment_spaces,ed_occupied_spaces,inpatient_available_beds,pending_discharges,beds_cleaning,nurses_on_shift,physicians_on_shift,consult_queue,lab_median_tat_minutes,imaging_median_tat_minutes,ems_arrivals_expected,transfer_requests_waiting,synthetic_assumption
2026-05-28 08:00:00,Alberta Children's Hospital,44,42,16,14,2,18,9,2,124,163,0,5,Expanded operational feed is synthetic and assumption-based.
2026-05-28 09:00:00,Alberta Children's Hospital,48,39,4,13,3,32,10,14,92,122,5,5,Expanded operational feed is synthetic and assumption-based.
2026-05-28 10:00:00,Alberta Children's Hospital,53,46,0,5,6,34,3,14,51,88,3,1,Expanded operational feed is synthetic and assumption-based.
2026-05-28 11:00:00,Alberta Children's Hospital,37,31,5,22,7,12,5,2,72,141,6,3,Expanded operational feed is synthetic and assumption-based.
2026-05-28 12:00:00,Alberta Children's Hospital,26,24,9,9,0,38,11,9,99,148,9,5,Expanded operational feed is synthetic and assumption-based.
2026-05-28 13:00:00,Alberta Children's Hospital,48,45,15,13,4,32,4,0,97,90,6,1,Expanded operational feed is synthetic and assumption-based.
2026-05-28 14:00:00,Alberta Children's Hospital,53,52,9,4,1,18,8,3,53,116,4,2,Expanded operational feed is synthetic and assumption-based.
2026-05-28 15:00:00,Alberta Children's Hospital,60,51,5,12,4,25,12,3,127,132,2,1,Expanded operational feed is synthetic and assumption-based.
2026-05-28 16:00:00,Alberta Children's Hospital,27,14,1,15,1,25,10,7,96,89,4,2,Expanded operational feed is synthetic and assumption-based.
2026-05-28 17:00:00,Alberta Children's Hospital,33,27,4,24,3,31,12,12,100,75,9,6,Expanded operational feed is synthetic and assumption-based.
2026-05-28 18:00:00,Alberta Children's Hospital,49,42,6,17,3,20,4,10,107,154,2,6,Expanded operational feed is synthetic and assumption-based.
2026-05-28 19:00:00,Alberta Children's Hospital,43,39,9,16,4,37,8,3,53,112,7,4,Expanded operational feed is synthetic and assumption-based.
2026-05-28 20:00:00,Alberta Children's Hospital,30,27,5,16,0,20,9,2,81,100,9,6,Expanded operational feed is synthetic and assumption-based.
2026-05-28 21:00:00,Alberta Children's Hospital,40,35,3,16,6,31,10,5,94,136,7,1,Expanded operational feed is synthetic and assumption-based.
2026-05-28 22:00:00,Alberta Children's Hospital,27,26,0,14,6,21,6,1,43,78,5,4,Expanded operational feed is synthetic and assumption-based.
2026-05-28 23:00:00,Alberta Children's Hospital,42,39,5,9,3,32,3,10,81,124,6,1,Expanded operational feed is synthetic and assumption-based.
2026-05-29 00:00:00,Alberta Children's Hospital,42,28,0,20,6,28,7,3,69,70,4,4,Expanded operational feed is synthetic and assumption-based.
2026-05-29 01:00:00,Alberta Children's Hospital,47,36,2,19,3,12,13,14,104,62,1,0,Expanded operational feed is synthetic and assumption-based.
2026-05-29 02:00:00,Alberta Children's Hospital,53,41,8,18,3,28,8,8,57,126,2,5,Expanded operational feed is synthetic and assumption-based.
2026-05-29 03:00:00,Alberta Children's Hospital,47,40,6,18,6,21,8,3,129,151,4,1,Expanded operational feed is synthetic and assumption-based.
2026-05-29 04:00:00,Alberta Children's Hospital,29,25,13,9,6,29,11,1,77,95,2,2,Expanded operational feed is synthetic and assumption-based.
2026-05-29 05:00:00,Alberta Children's Hospital,40,34,17,3,5,28,7,2,115,78,2,1,Expanded operational feed is synthetic and assumption-based.
2026-05-29 06:00:00,Alberta Children's Hospital,32,32,6,4,5,27,5,4,43,117,7,6,Expanded operational feed is synthetic and assumption-based.
2026-05-29 07:00:00,Alberta Children's Hospital,28,20,7,18,1,18,12,0,89,157,3,2,Expanded operational feed is synthetic and assumption-based.
2026-05-29 08:00:00,Alberta Children's Hospital,45,35,12,14,6,29,4,6,89,58,1,1,Expanded operational feed is synthetic and assumption-based.
2026-05-29 09:00:00,Alberta Children's Hospital,33,21,13,25,3,21,10,11,125,183,7,1,Expanded operational feed is synthetic and assumption-based.
2026-05-29 10:00:00,Alberta Children's Hospital,47,47,1,17,4,39,4,9,69,189,1,2,Expanded operational feed is synthetic and assumption-based.
2026-05-29 11:00:00,Alberta Children's Hospital,36,33,3,9,2,27,4,9,86,111,2,3,Expanded operational feed is synthetic and assumption-based.
2026-05-29 12:00:00,Alberta Children's Hospital,54,35,0,14,2,38,7,7,96,103,6,0,Expanded operational feed is synthetic and assumption-based.
2026-05-29 13:00:00,Alberta Children's Hospital,56,47,15,7,3,22,9,11,52,141,2,6,Expanded operational feed is synthetic and assumption-based.
2026-05-29 14:00:00,Alberta Children's Hospital,56,52,10,9,1,35,3,14,75,165,1,1,Expanded operational feed is synthetic and assumption-based.
2026-05-29 15:00:00,Alberta Children's Hospital,27,21,17,4,5,30,4,0,105,180,5,3,Expanded operational feed is synthetic and assumption-based.
2026-05-29 16:00:00,Alberta Children's Hospital,53,48,5,1,1,36,12,10,46,97,3,6,Expanded operational feed is synthetic and assumption-based.
2026-05-29 17:00:00,Alberta Children's Hospital,35,27,3,9,5,25,6,4,108,173,5,5,Expanded operational feed is synthetic and assumption-based.
2026-05-29 18:00:00,Alberta Children's Hospital,40,34,1,2,7,20,4,11,59,160,5,4,Expanded operational feed is synthetic and assumption-based.
2026-05-29 19:00:00,Alberta Children's Hospital,26,22,3,7,7,31,7,5,101,156,6,1,Expanded operational feed is synthetic and assumption-based.
2026-05-29 20:00:00,Alberta Children's Hospital,56,48,12,1,1,21,5,14,93,187,7,5,Expanded operational feed is synthetic and assumption-based.
2026-05-29 21:00:00,Alberta Children's Hospital,30,22,1,18,6,39,11,3,104,87,3,2,Expanded operational feed is synthetic and assumption-based.
2026-05-29 22:00:00,Alberta Children's Hospital,39,39,16,10,2,32,11,0,72,145,3,5,Expanded operational feed is synthetic and assumption-based.
2026-05-29 23:00:00,Alberta Children's Hospital,53,47,15,10,4,26,12,7,67,108,6,1,Expanded operational feed is synthetic and assumption-based.
2026-05-30 00:00:00,Alberta Children's Hospital,60,46,2,21,1,27,12,8,102,180,3,4,Expanded operational feed is synthetic and assumption-based.
2026-05-30 01:00:00,Alberta Children's Hospital,50,48,2,6,7,35,10,9,102,96,8,1,Expanded operational feed is synthetic and assumption-based.
2026-05-30 02:00:00,Alberta Children's Hospital,40,35,16,16,7,22,4,3,105,160,7,6,Expanded operational feed is synthetic and assumption-based.
2026-05-30 03:00:00,Alberta Children's Hospital,29,23,15,2,2,17,7,4,67,126,9,2,Expanded operational feed is synthetic and assumption-based.
2026-05-30 04:00:00,Alberta Children's Hospital,30,19,4,3,5,19,10,3,122,142,5,6,Expanded operational feed is synthetic and assumption-based.
2026-05-30 05:00:00,Alberta Children's Hospital,37,30,1,8,3,17,7,10,114,104,9,6,Expanded operational feed is synthetic and assumption-based.
2026-05-30 06:00:00,Alberta Children's Hospital,59,48,16,13,3,39,4,8,106,149,8,2,Expanded operational feed is synthetic and assumption-based.
2026-05-30 07:00:00,Alberta Children's Hospital,38,33,2,3,5,17,5,6,43,148,8,4,Expanded operational feed is synthetic and assumption-based.
2026-05-28 08:00:00,Foothills Medical Centre,39,33,3,16,7,16,10,12,108,130,6,6,Expanded operational feed is synthetic and assumption-based.
2026-05-28 09:00:00,Foothills Medical Centre,30,27,5,19,2,17,12,13,112,55,8,5,Expanded operational feed is synthetic and assumption-based.
2026-05-28 10:00:00,Foothills Medical Centre,29,22,16,1,7,26,13,8,51,139,4,2,Expanded operational feed is synthetic and assumption-based.
2026-05-28 11:00:00,Foothills Medical Centre,44,35,14,1,0,23,11,6,122,188,0,0,Expanded operational feed is synthetic and assumption-based.
2026-05-28 12:00:00,Foothills Medical Centre,37,29,8,13,3,21,9,13,47,107,9,6,Expanded operational feed is synthetic and assumption-based.
2026-05-28 13:00:00,Foothills Medical Centre,46,39,14,23,7,13,4,11,53,143,7,2,Expanded operational feed is synthetic and assumption-based.
2026-05-28 14:00:00,Foothills Medical Centre,60,48,16,1,6,20,4,11,98,149,6,2,Expanded operational feed is synthetic and assumption-based.
2026-05-28 15:00:00,Foothills Medical Centre,55,45,0,10,6,33,8,0,67,127,6,5,Expanded operational feed is synthetic and assumption-based.
2026-05-28 16:00:00,Foothills Medical Centre,36,20,0,24,0,29,6,3,95,70,2,0,Expanded operational feed is synthetic and assumption-based.
2026-05-28 17:00:00,Foothills Medical Centre,40,30,13,7,6,36,10,0,42,73,8,4,Expanded operational feed is synthetic and assumption-based.
2026-05-28 18:00:00,Foothills Medical Centre,37,28,9,21,5,16,3,5,72,88,1,3,Expanded operational feed is synthetic and assumption-based.
2026-05-28 19:00:00,Foothills Medical Centre,49,45,0,21,2,29,9,3,97,90,2,6,Expanded operational feed is synthetic and assumption-based.
2026-05-28 20:00:00,Foothills Medical Centre,47,36,17,5,3,19,3,1,103,89,3,5,Expanded operational feed is synthetic and assumption-based.
2026-05-28 21:00:00,Foothills Medical Centre,56,43,6,5,1,13,5,13,119,72,8,5,Expanded operational feed is synthetic and assumption-based.
2026-05-28 22:00:00,Foothills Medical Centre,33,29,6,1,1,27,8,9,85,73,6,1,Expanded operational feed is synthetic and assumption-based.
2026-05-28 23:00:00,Foothills Medical Centre,55,51,2,2,3,16,13,7,125,97,7,3,Expanded operational feed is synthetic and assumption-based.
2026-05-29 00:00:00,Foothills Medical Centre,46,36,16,1,5,29,13,14,110,161,9,1,Expanded operational feed is synthetic and assumption-based.
2026-05-29 01:00:00,Foothills Medical Centre,32,25,1,14,4,27,3,11,118,160,3,3,Expanded operational feed is synthetic and assumption-based.
2026-05-29 02:00:00,Foothills Medical Centre,54,52,16,11,1,34,11,5,52,69,3,5,Expanded operational feed is synthetic and assumption-based.
2026-05-29 03:00:00,Foothills Medical Centre,31,18,2,13,2,39,9,1,99,66,2,5,Expanded operational feed is synthetic and assumption-based.
2026-05-29 04:00:00,Foothills Medical Centre,45,43,15,17,6,32,3,12,122,109,4,0,Expanded operational feed is synthetic and assumption-based.
2026-05-29 05:00:00,Foothills Medical Centre,60,57,16,23,4,38,3,3,74,86,6,0,Expanded operational feed is synthetic and assumption-based.
2026-05-29 06:00:00,Foothills Medical Centre,54,47,16,1,3,23,4,5,58,137,7,4,Expanded operational feed is synthetic and assumption-based.
2026-05-29 07:00:00,Foothills Medical Centre,44,35,2,24,0,17,12,15,99,154,9,4,Expanded operational feed is synthetic and assumption-based.
2026-05-29 08:00:00,Foothills Medical Centre,32,20,12,3,6,17,4,10,44,137,1,1,Expanded operational feed is synthetic and assumption-based.
2026-05-29 09:00:00,Foothills Medical Centre,34,31,6,17,6,14,7,8,74,79,7,6,Expanded operational feed is synthetic and assumption-based.
2026-05-29 10:00:00,Foothills Medical Centre,35,35,13,18,2,14,11,2,88,124,1,4,Expanded operational feed is synthetic and assumption-based.
2026-05-29 11:00:00,Foothills Medical Centre,28,23,13,10,0,23,8,6,94,182,0,0,Expanded operational feed is synthetic and assumption-based.
2026-05-29 12:00:00,Foothills Medical Centre,54,50,4,19,5,17,9,6,102,113,4,4,Expanded operational feed is synthetic and assumption-based.
2026-05-29 13:00:00,Foothills Medical Centre,59,51,8,6,7,37,10,4,65,74,1,1,Expanded operational feed is synthetic and assumption-based.
2026-05-29 14:00:00,Foothills Medical Centre,31,19,8,2,7,24,5,0,109,86,0,6,Expanded operational feed is synthetic and assumption-based.
2026-05-29 15:00:00,Foothills Medical Centre,46,38,4,5,1,26,13,3,125,101,6,5,Expanded operational feed is synthetic and assumption-based.
2026-05-29 16:00:00,Foothills Medical Centre,49,48,6,7,0,15,11,3,117,129,3,0,Expanded operational feed is synthetic and assumption-based.
2026-05-29 17:00:00,Foothills Medical Centre,30,28,9,21,7,16,11,3,96,119,8,5,Expanded operational feed is synthetic and assumption-based.
2026-05-29 18:00:00,Foothills Medical Centre,40,36,16,15,0,15,5,14,119,82,9,5,Expanded operational feed is synthetic and assumption-based.
2026-05-29 19:00:00,Foothills Medical Centre,42,38,16,6,4,34,12,13,90,128,5,0,Expanded operational feed is synthetic and assumption-based.
2026-05-29 20:00:00,Foothills Medical Centre,27,27,15,10,3,27,8,2,99,169,8,3,Expanded operational feed is synthetic and assumption-based.
2026-05-29 21:00:00,Foothills Medical Centre,58,51,0,7,2,32,7,8,87,182,5,1,Expanded operational feed is synthetic and assumption-based.
2026-05-29 22:00:00,Foothills Medical Centre,30,19,5,5,3,25,9,13,81,179,3,6,Expanded operational feed is synthetic and assumption-based.
2026-05-29 23:00:00,Foothills Medical Centre,30,29,1,1,7,26,12,12,57,89,8,0,Expanded operational feed is synthetic and assumption-based.
2026-05-30 00:00:00,Foothills Medical Centre,43,32,5,19,6,35,3,7,128,102,4,2,Expanded operational feed is synthetic and assumption-based.
2026-05-30 01:00:00,Foothills Medical Centre,54,44,6,17,5,32,4,0,102,63,5,3,Expanded operational feed is synthetic and assumption-based.
2026-05-30 02:00:00,Foothills Medical Centre,59,52,3,6,3,25,12,7,119,136,1,5,Expanded operational feed is synthetic and assumption-based.
2026-05-30 03:00:00,Foothills Medical Centre,45,37,8,9,5,21,12,3,85,164,1,0,Expanded operational feed is synthetic and assumption-based.
2026-05-30 04:00:00,Foothills Medical Centre,59,47,7,20,7,14,9,5,42,78,5,0,Expanded operational feed is synthetic and assumption-based.
2026-05-30 05:00:00,Foothills Medical Centre,54,40,15,15,3,38,13,8,106,172,0,1,Expanded operational feed is synthetic and assumption-based.
2026-05-30 06:00:00,Foothills Medical Centre,53,47,6,20,2,22,13,4,124,125,7,4,Expanded operational feed is synthetic and assumption-based.
2026-05-30 07:00:00,Foothills Medical Centre,59,49,0,25,1,17,4,14,71,95,1,5,Expanded operational feed is synthetic and assumption-based.
2026-05-28 08:00:00,Northeast Community Health Centre,38,35,10,11,4,29,12,13,104,69,7,3,Expanded operational feed is synthetic and assumption-based.
2026-05-28 09:00:00,Northeast Community Health Centre,40,33,15,15,7,35,12,6,120,73,0,5,Expanded operational feed is synthetic and assumption-based.
2026-05-28 10:00:00,Northeast Community Health Centre,34,29,12,21,2,30,12,12,82,133,1,5,Expanded operational feed is synthetic and assumption-based.
2026-05-28 11:00:00,Northeast Community Health Centre,29,29,11,21,0,25,9,13,47,99,3,4,Expanded operational feed is synthetic and assumption-based.
2026-05-28 12:00:00,Northeast Community Health Centre,34,34,8,5,0,39,8,13,115,80,3,1,Expanded operational feed is synthetic and assumption-based.
2026-05-28 13:00:00,Northeast Community Health Centre,44,35,13,23,7,18,5,3,105,136,6,4,Expanded operational feed is synthetic and assumption-based.
2026-05-28 14:00:00,Northeast Community Health Centre,33,24,2,19,6,36,6,4,117,189,7,4,Expanded operational feed is synthetic and assumption-based.
2026-05-28 15:00:00,Northeast Community Health Centre,32,23,1,20,5,28,13,2,109,136,4,1,Expanded operational feed is synthetic and assumption-based.
2026-05-28 16:00:00,Northeast Community Health Centre,30,26,11,3,6,25,3,10,105,183,1,1,Expanded operational feed is synthetic and assumption-based.
2026-05-28 17:00:00,Northeast Community Health Centre,45,39,10,11,0,33,4,7,104,97,0,4,Expanded operational feed is synthetic and assumption-based.
2026-05-28 18:00:00,Northeast Community Health Centre,46,46,13,25,6,27,12,14,43,57,4,3,Expanded operational feed is synthetic and assumption-based.
2026-05-28 19:00:00,Northeast Community Health Centre,61,49,8,8,5,36,8,14,87,61,4,6,Expanded operational feed is synthetic and assumption-based.
2026-05-28 20:00:00,Northeast Community Health Centre,60,49,16,10,3,13,7,13,54,80,1,3,Expanded operational feed is synthetic and assumption-based.
2026-05-28 21:00:00,Northeast Community Health Centre,40,33,9,15,1,33,6,14,80,138,8,5,Expanded operational feed is synthetic and assumption-based.
2026-05-28 22:00:00,Northeast Community Health Centre,36,27,2,8,5,23,8,1,93,135,0,0,Expanded operational feed is synthetic and assumption-based.
2026-05-28 23:00:00,Northeast Community Health Centre,40,33,3,20,4,36,8,8,56,170,7,2,Expanded operational feed is synthetic and assumption-based.
2026-05-29 00:00:00,Northeast Community Health Centre,51,45,10,8,4,35,4,3,121,81,1,3,Expanded operational feed is synthetic and assumption-based.
2026-05-29 01:00:00,Northeast Community Health Centre,60,50,3,5,6,39,9,7,113,83,5,3,Expanded operational feed is synthetic and assumption-based.
2026-05-29 02:00:00,Northeast Community Health Centre,55,49,3,13,7,29,8,7,46,188,8,4,Expanded operational feed is synthetic and assumption-based.
2026-05-29 03:00:00,Northeast Community Health Centre,58,52,9,25,0,29,8,10,76,69,5,0,Expanded operational feed is synthetic and assumption-based.
2026-05-29 04:00:00,Northeast Community Health Centre,26,21,7,22,3,26,13,0,42,176,9,3,Expanded operational feed is synthetic and assumption-based.
2026-05-29 05:00:00,Northeast Community Health Centre,27,20,5,20,6,23,9,13,63,142,2,1,Expanded operational feed is synthetic and assumption-based.
2026-05-29 06:00:00,Northeast Community Health Centre,42,34,17,10,6,21,4,15,87,128,6,5,Expanded operational feed is synthetic and assumption-based.
2026-05-29 07:00:00,Northeast Community Health Centre,43,35,7,4,0,39,10,1,122,119,2,1,Expanded operational feed is synthetic and assumption-based.
2026-05-29 08:00:00,Northeast Community Health Centre,35,27,16,15,3,34,3,5,59,137,7,0,Expanded operational feed is synthetic and assumption-based.
2026-05-29 09:00:00,Northeast Community Health Centre,56,46,8,5,6,32,9,14,55,182,5,6,Expanded operational feed is synthetic and assumption-based.
2026-05-29 10:00:00,Northeast Community Health Centre,53,43,8,24,7,37,10,14,75,173,8,3,Expanded operational feed is synthetic and assumption-based.
2026-05-29 11:00:00,Northeast Community Health Centre,54,52,7,15,6,21,12,6,72,180,3,5,Expanded operational feed is synthetic and assumption-based.
2026-05-29 12:00:00,Northeast Community Health Centre,51,42,4,7,0,13,12,11,129,84,8,4,Expanded operational feed is synthetic and assumption-based.
2026-05-29 13:00:00,Northeast Community Health Centre,29,25,12,13,1,22,9,15,67,135,5,6,Expanded operational feed is synthetic and assumption-based.
2026-05-29 14:00:00,Northeast Community Health Centre,33,28,15,22,2,26,10,6,47,98,6,3,Expanded operational feed is synthetic and assumption-based.
2026-05-29 15:00:00,Northeast Community Health Centre,30,23,9,19,1,14,9,0,56,88,4,4,Expanded operational feed is synthetic and assumption-based.
2026-05-29 16:00:00,Northeast Community Health Centre,30,30,3,15,2,38,9,7,112,57,1,3,Expanded operational feed is synthetic and assumption-based.
2026-05-29 17:00:00,Northeast Community Health Centre,35,34,16,22,3,37,4,5,78,92,5,2,Expanded operational feed is synthetic and assumption-based.
2026-05-29 18:00:00,Northeast Community Health Centre,28,27,12,25,0,20,12,14,76,109,0,2,Expanded operational feed is synthetic and assumption-based.
2026-05-29 19:00:00,Northeast Community Health Centre,35,27,6,4,0,27,13,15,102,119,0,2,Expanded operational feed is synthetic and assumption-based.
2026-05-29 20:00:00,Northeast Community Health Centre,50,43,10,19,1,21,9,14,92,149,7,1,Expanded operational feed is synthetic and assumption-based.
2026-05-29 21:00:00,Northeast Community Health Centre,53,46,16,19,7,17,10,11,60,186,6,4,Expanded operational feed is synthetic and assumption-based.
2026-05-29 22:00:00,Northeast Community Health Centre,51,47,4,18,6,36,13,1,114,114,4,5,Expanded operational feed is synthetic and assumption-based.
2026-05-29 23:00:00,Northeast Community Health Centre,34,30,16,6,5,37,6,11,84,105,5,5,Expanded operational feed is synthetic and assumption-based.
2026-05-30 00:00:00,Northeast Community Health Centre,27,20,10,10,6,20,7,11,54,161,1,5,Expanded operational feed is synthetic and assumption-based.
2026-05-30 01:00:00,Northeast Community Health Centre,55,47,6,6,5,25,4,7,50,89,2,1,Expanded operational feed is synthetic and assumption-based.
2026-05-30 02:00:00,Northeast Community Health Centre,34,24,7,4,6,15,12,1,121,138,7,1,Expanded operational feed is synthetic and assumption-based.
2026-05-30 03:00:00,Northeast Community Health Centre,37,25,9,17,4,27,4,5,86,154,6,3,Expanded operational feed is synthetic and assumption-based.
2026-05-30 04:00:00,Northeast Community Health Centre,54,50,0,1,2,20,4,4,59,179,9,3,Expanded operational feed is synthetic and assumption-based.
2026-05-30 05:00:00,Northeast Community Health Centre,32,23,16,23,5,20,5,2,50,105,9,1,Expanded operational feed is synthetic and assumption-based.
2026-05-30 06:00:00,Northeast Community Health Centre,60,59,15,11,1,15,3,5,45,64,6,6,Expanded operational feed is synthetic and assumption-based.
2026-05-30 07:00:00,Northeast Community Health Centre,59,53,5,4,3,34,3,4,52,175,3,0,Expanded operational feed is synthetic and assumption-based.
2026-05-28 08:00:00,Red Deer Regional Hospital Centre,39,38,0,21,7,26,12,5,49,148,0,6,Expanded operational feed is synthetic and assumption-based.
2026-05-28 09:00:00,Red Deer Regional Hospital Centre,30,24,14,17,4,23,10,7,127,71,2,3,Expanded operational feed is synthetic and assumption-based.
2026-05-28 10:00:00,Red Deer Regional Hospital Centre,31,31,5,16,0,24,3,1,114,164,2,5,Expanded operational feed is synthetic and assumption-based.
2026-05-28 11:00:00,Red Deer Regional Hospital Centre,55,47,1,23,5,22,6,8,79,100,2,6,Expanded operational feed is synthetic and assumption-based.
2026-05-28 12:00:00,Red Deer Regional Hospital Centre,39,31,17,8,1,30,4,13,60,142,4,6,Expanded operational feed is synthetic and assumption-based.
2026-05-28 13:00:00,Red Deer Regional Hospital Centre,50,42,2,1,6,13,6,7,117,109,2,6,Expanded operational feed is synthetic and assumption-based.
2026-05-28 14:00:00,Red Deer Regional Hospital Centre,50,40,4,17,1,25,10,13,91,76,9,6,Expanded operational feed is synthetic and assumption-based.
2026-05-28 15:00:00,Red Deer Regional Hospital Centre,58,52,16,21,2,16,6,7,71,57,2,1,Expanded operational feed is synthetic and assumption-based.
2026-05-28 16:00:00,Red Deer Regional Hospital Centre,28,22,2,20,5,31,8,10,50,110,8,0,Expanded operational feed is synthetic and assumption-based.
2026-05-28 17:00:00,Red Deer Regional Hospital Centre,44,36,8,11,7,33,7,8,89,134,7,4,Expanded operational feed is synthetic and assumption-based.
2026-05-28 18:00:00,Red Deer Regional Hospital Centre,53,40,7,2,2,24,7,10,59,79,2,4,Expanded operational feed is synthetic and assumption-based.
2026-05-28 19:00:00,Red Deer Regional Hospital Centre,50,40,1,20,4,21,7,11,50,169,3,4,Expanded operational feed is synthetic and assumption-based.
2026-05-28 20:00:00,Red Deer Regional Hospital Centre,46,40,3,25,7,31,6,6,57,111,9,1,Expanded operational feed is synthetic and assumption-based.
2026-05-28 21:00:00,Red Deer Regional Hospital Centre,40,36,6,12,3,21,6,2,81,154,7,3,Expanded operational feed is synthetic and assumption-based.
2026-05-28 22:00:00,Red Deer Regional Hospital Centre,37,36,8,5,2,34,3,0,65,92,0,4,Expanded operational feed is synthetic and assumption-based.
2026-05-28 23:00:00,Red Deer Regional Hospital Centre,31,23,5,14,3,34,11,4,72,153,5,5,Expanded operational feed is synthetic and assumption-based.
2026-05-29 00:00:00,Red Deer Regional Hospital Centre,55,47,9,22,2,24,10,9,42,155,5,3,Expanded operational feed is synthetic and assumption-based.
2026-05-29 01:00:00,Red Deer Regional Hospital Centre,33,31,5,17,3,15,7,11,63,55,8,0,Expanded operational feed is synthetic and assumption-based.
2026-05-29 02:00:00,Red Deer Regional Hospital Centre,43,38,8,23,5,36,7,12,110,111,7,5,Expanded operational feed is synthetic and assumption-based.
2026-05-29 03:00:00,Red Deer Regional Hospital Centre,50,38,9,4,3,13,8,6,101,70,8,6,Expanded operational feed is synthetic and assumption-based.
2026-05-29 04:00:00,Red Deer Regional Hospital Centre,56,51,15,17,3,32,12,5,46,97,9,2,Expanded operational feed is synthetic and assumption-based.
2026-05-29 05:00:00,Red Deer Regional Hospital Centre,33,29,16,13,6,15,9,4,57,180,3,1,Expanded operational feed is synthetic and assumption-based.
2026-05-29 06:00:00,Red Deer Regional Hospital Centre,39,32,4,8,1,24,12,12,51,184,8,2,Expanded operational feed is synthetic and assumption-based.
2026-05-29 07:00:00,Red Deer Regional Hospital Centre,35,29,9,11,7,24,8,1,124,61,0,2,Expanded operational feed is synthetic and assumption-based.
2026-05-29 08:00:00,Red Deer Regional Hospital Centre,40,35,14,9,3,36,5,9,115,128,3,1,Expanded operational feed is synthetic and assumption-based.
2026-05-29 09:00:00,Red Deer Regional Hospital Centre,31,28,8,17,7,25,9,9,65,61,1,4,Expanded operational feed is synthetic and assumption-based.
2026-05-29 10:00:00,Red Deer Regional Hospital Centre,53,48,6,22,2,36,13,10,89,60,1,1,Expanded operational feed is synthetic and assumption-based.
2026-05-29 11:00:00,Red Deer Regional Hospital Centre,38,32,3,22,4,18,9,15,84,142,3,6,Expanded operational feed is synthetic and assumption-based.
2026-05-29 12:00:00,Red Deer Regional Hospital Centre,36,29,13,3,7,34,4,12,104,129,4,0,Expanded operational feed is synthetic and assumption-based.
2026-05-29 13:00:00,Red Deer Regional Hospital Centre,53,42,10,8,4,16,3,6,49,147,9,6,Expanded operational feed is synthetic and assumption-based.
2026-05-29 14:00:00,Red Deer Regional Hospital Centre,47,35,12,15,2,25,12,9,48,77,4,6,Expanded operational feed is synthetic and assumption-based.
2026-05-29 15:00:00,Red Deer Regional Hospital Centre,33,24,0,20,4,31,8,7,119,189,8,2,Expanded operational feed is synthetic and assumption-based.
2026-05-29 16:00:00,Red Deer Regional Hospital Centre,34,25,0,23,2,13,12,15,105,143,7,2,Expanded operational feed is synthetic and assumption-based.
2026-05-29 17:00:00,Red Deer Regional Hospital Centre,34,28,12,9,7,19,4,5,127,76,6,1,Expanded operational feed is synthetic and assumption-based.
2026-05-29 18:00:00,Red Deer Regional Hospital Centre,42,41,10,14,4,36,13,10,126,159,8,2,Expanded operational feed is synthetic and assumption-based.
2026-05-29 19:00:00,Red Deer Regional Hospital Centre,31,26,1,22,7,13,4,10,54,137,0,6,Expanded operational feed is synthetic and assumption-based.
2026-05-29 20:00:00,Red Deer Regional Hospital Centre,59,39,4,13,6,35,6,5,59,132,9,1,Expanded operational feed is synthetic and assumption-based.
2026-05-29 21:00:00,Red Deer Regional Hospital Centre,61,60,6,14,1,38,13,13,77,89,3,0,Expanded operational feed is synthetic and assumption-based.
2026-05-29 22:00:00,Red Deer Regional Hospital Centre,50,48,15,20,1,22,11,8,121,156,1,4,Expanded operational feed is synthetic and assumption-based.
2026-05-29 23:00:00,Red Deer Regional Hospital Centre,38,31,9,13,4,13,4,10,129,114,6,0,Expanded operational feed is synthetic and assumption-based.
2026-05-30 00:00:00,Red Deer Regional Hospital Centre,36,34,16,22,3,21,10,9,128,57,0,5,Expanded operational feed is synthetic and assumption-based.
2026-05-30 01:00:00,Red Deer Regional Hospital Centre,45,45,5,9,1,28,5,12,74,185,3,2,Expanded operational feed is synthetic and assumption-based.
2026-05-30 02:00:00,Red Deer Regional Hospital Centre,59,49,13,16,2,24,10,3,98,63,7,4,Expanded operational feed is synthetic and assumption-based.
2026-05-30 03:00:00,Red Deer Regional Hospital Centre,35,24,11,15,6,13,9,5,119,145,3,5,Expanded operational feed is synthetic and assumption-based.
2026-05-30 04:00:00,Red Deer Regional Hospital Centre,43,39,4,20,4,21,7,9,124,80,8,2,Expanded operational feed is synthetic and assumption-based.
2026-05-30 05:00:00,Red Deer Regional Hospital Centre,50,43,14,10,7,13,6,5,102,170,7,4,Expanded operational feed is synthetic and assumption-based.
2026-05-30 06:00:00,Red Deer Regional Hospital Centre,29,23,1,10,5,33,12,1,61,113,0,3,Expanded operational feed is synthetic and assumption-based.
2026-05-30 07:00:00,Red Deer Regional Hospital Centre,60,52,11,3,7,35,12,11,63,167,9,1,Expanded operational feed is synthetic and assumption-based.
2026-05-28 08:00:00,Royal Alexandra Hospital,46,39,14,16,1,14,13,8,49,181,7,5,Expanded operational feed is synthetic and assumption-based.
2026-05-28 09:00:00,Royal Alexandra Hospital,53,45,8,5,7,37,6,3,121,113,9,6,Expanded operational feed is synthetic and assumption-based.
2026-05-28 10:00:00,Royal Alexandra Hospital,38,29,9,21,1,35,3,9,81,121,4,0,Expanded operational feed is synthetic and assumption-based.
2026-05-28 11:00:00,Royal Alexandra Hospital,33,33,9,16,5,14,3,1,89,77,0,1,Expanded operational feed is synthetic and assumption-based.
2026-05-28 12:00:00,Royal Alexandra Hospital,43,38,10,2,5,18,8,3,78,80,9,4,Expanded operational feed is synthetic and assumption-based.
2026-05-28 13:00:00,Royal Alexandra Hospital,32,27,9,5,5,35,6,2,87,109,1,6,Expanded operational feed is synthetic and assumption-based.
2026-05-28 14:00:00,Royal Alexandra Hospital,56,49,16,23,5,18,3,1,97,99,6,0,Expanded operational feed is synthetic and assumption-based.
2026-05-28 15:00:00,Royal Alexandra Hospital,59,51,12,1,5,30,6,7,127,69,3,0,Expanded operational feed is synthetic and assumption-based.
2026-05-28 16:00:00,Royal Alexandra Hospital,32,31,5,17,5,35,6,12,81,189,6,4,Expanded operational feed is synthetic and assumption-based.
2026-05-28 17:00:00,Royal Alexandra Hospital,58,57,2,12,7,27,6,8,93,109,6,0,Expanded operational feed is synthetic and assumption-based.
2026-05-28 18:00:00,Royal Alexandra Hospital,59,45,9,10,7,28,3,11,44,86,5,6,Expanded operational feed is synthetic and assumption-based.
2026-05-28 19:00:00,Royal Alexandra Hospital,59,48,17,6,5,36,10,14,52,121,3,2,Expanded operational feed is synthetic and assumption-based.
2026-05-28 20:00:00,Royal Alexandra Hospital,46,35,7,11,6,16,5,3,129,181,5,6,Expanded operational feed is synthetic and assumption-based.
2026-05-28 21:00:00,Royal Alexandra Hospital,40,36,0,14,7,21,4,1,60,173,7,5,Expanded operational feed is synthetic and assumption-based.
2026-05-28 22:00:00,Royal Alexandra Hospital,32,26,0,4,7,23,4,8,122,152,3,1,Expanded operational feed is synthetic and assumption-based.
2026-05-28 23:00:00,Royal Alexandra Hospital,43,35,7,24,3,38,7,6,115,185,9,2,Expanded operational feed is synthetic and assumption-based.
2026-05-29 00:00:00,Royal Alexandra Hospital,31,22,5,7,4,35,7,1,48,158,0,1,Expanded operational feed is synthetic and assumption-based.
2026-05-29 01:00:00,Royal Alexandra Hospital,47,34,6,5,0,33,5,4,60,169,2,1,Expanded operational feed is synthetic and assumption-based.
2026-05-29 02:00:00,Royal Alexandra Hospital,41,34,2,6,3,27,6,14,48,147,6,4,Expanded operational feed is synthetic and assumption-based.
2026-05-29 03:00:00,Royal Alexandra Hospital,54,48,11,23,7,18,12,6,98,90,2,4,Expanded operational feed is synthetic and assumption-based.
2026-05-29 04:00:00,Royal Alexandra Hospital,26,26,7,10,3,32,10,7,106,131,4,2,Expanded operational feed is synthetic and assumption-based.
2026-05-29 05:00:00,Royal Alexandra Hospital,38,35,0,3,2,19,13,7,99,188,3,6,Expanded operational feed is synthetic and assumption-based.
2026-05-29 06:00:00,Royal Alexandra Hospital,51,45,7,17,7,38,3,2,65,183,7,3,Expanded operational feed is synthetic and assumption-based.
2026-05-29 07:00:00,Royal Alexandra Hospital,33,33,13,11,1,25,8,9,65,176,2,5,Expanded operational feed is synthetic and assumption-based.
2026-05-29 08:00:00,Royal Alexandra Hospital,47,35,8,12,1,21,7,9,111,151,8,3,Expanded operational feed is synthetic and assumption-based.
2026-05-29 09:00:00,Royal Alexandra Hospital,54,48,7,7,1,18,13,4,57,93,6,4,Expanded operational feed is synthetic and assumption-based.
2026-05-29 10:00:00,Royal Alexandra Hospital,43,41,3,22,5,28,12,6,85,130,7,0,Expanded operational feed is synthetic and assumption-based.
2026-05-29 11:00:00,Royal Alexandra Hospital,33,24,17,9,0,30,6,1,67,178,4,2,Expanded operational feed is synthetic and assumption-based.
2026-05-29 12:00:00,Royal Alexandra Hospital,56,51,10,22,7,31,8,8,67,111,0,3,Expanded operational feed is synthetic and assumption-based.
2026-05-29 13:00:00,Royal Alexandra Hospital,56,48,10,6,4,35,9,11,57,158,5,0,Expanded operational feed is synthetic and assumption-based.
2026-05-29 14:00:00,Royal Alexandra Hospital,50,47,12,9,0,22,9,14,50,144,8,0,Expanded operational feed is synthetic and assumption-based.
2026-05-29 15:00:00,Royal Alexandra Hospital,30,17,0,5,6,12,4,5,85,101,7,1,Expanded operational feed is synthetic and assumption-based.
2026-05-29 16:00:00,Royal Alexandra Hospital,27,23,3,7,0,34,13,9,128,78,0,4,Expanded operational feed is synthetic and assumption-based.
2026-05-29 17:00:00,Royal Alexandra Hospital,51,45,4,17,5,27,9,12,79,145,0,2,Expanded operational feed is synthetic and assumption-based.
2026-05-29 18:00:00,Royal Alexandra Hospital,42,38,14,10,4,20,11,1,58,162,4,1,Expanded operational feed is synthetic and assumption-based.
2026-05-29 19:00:00,Royal Alexandra Hospital,52,47,5,10,2,24,8,4,124,101,5,2,Expanded operational feed is synthetic and assumption-based.
2026-05-29 20:00:00,Royal Alexandra Hospital,53,45,10,19,3,17,4,6,92,180,3,0,Expanded operational feed is synthetic and assumption-based.
2026-05-29 21:00:00,Royal Alexandra Hospital,40,35,8,16,5,16,11,5,100,120,8,6,Expanded operational feed is synthetic and assumption-based.
2026-05-29 22:00:00,Royal Alexandra Hospital,26,19,0,16,6,37,4,3,44,73,0,2,Expanded operational feed is synthetic and assumption-based.
2026-05-29 23:00:00,Royal Alexandra Hospital,59,52,2,6,0,27,7,13,45,161,2,2,Expanded operational feed is synthetic and assumption-based.
2026-05-30 00:00:00,Royal Alexandra Hospital,34,27,11,25,7,14,5,3,75,62,8,4,Expanded operational feed is synthetic and assumption-based.
2026-05-30 01:00:00,Royal Alexandra Hospital,38,38,15,5,3,39,4,4,47,185,3,4,Expanded operational feed is synthetic and assumption-based.
2026-05-30 02:00:00,Royal Alexandra Hospital,41,41,3,24,0,17,5,9,57,123,6,6,Expanded operational feed is synthetic and assumption-based.
2026-05-30 03:00:00,Royal Alexandra Hospital,60,48,8,9,5,34,7,15,79,165,5,0,Expanded operational feed is synthetic and assumption-based.
2026-05-30 04:00:00,Royal Alexandra Hospital,44,37,13,4,7,20,12,5,93,68,2,0,Expanded operational feed is synthetic and assumption-based.
2026-05-30 05:00:00,Royal Alexandra Hospital,58,48,4,11,5,29,12,1,45,68,9,1,Expanded operational feed is synthetic and assumption-based.
2026-05-30 06:00:00,Royal Alexandra Hospital,55,53,16,8,1,22,7,12,74,165,2,3,Expanded operational feed is synthetic and assumption-based.
2026-05-30 07:00:00,Royal Alexandra Hospital,60,51,17,25,4,38,10,11,121,83,4,6,Expanded operational feed is synthetic and assumption-based.
2026-05-28 08:00:00,South Calgary Ambulatory Care Centre,33,28,17,9,5,27,5,11,50,75,6,5,Expanded operational feed is synthetic and assumption-based.
2026-05-28 09:00:00,South Calgary Ambulatory Care Centre,26,20,7,18,2,15,3,11,119,132,7,5,Expanded operational feed is synthetic and assumption-based.
2026-05-28 10:00:00,South Calgary Ambulatory Care Centre,30,25,2,25,6,36,6,4,45,129,0,1,Expanded operational feed is synthetic and assumption-based.
2026-05-28 11:00:00,South Calgary Ambulatory Care Centre,41,39,11,20,6,38,9,4,119,185,8,6,Expanded operational feed is synthetic and assumption-based.
2026-05-28 12:00:00,South Calgary Ambulatory Care Centre,30,27,10,19,3,35,8,13,119,117,7,2,Expanded operational feed is synthetic and assumption-based.
2026-05-28 13:00:00,South Calgary Ambulatory Care Centre,29,26,2,4,4,35,11,3,68,60,2,3,Expanded operational feed is synthetic and assumption-based.
2026-05-28 14:00:00,South Calgary Ambulatory Care Centre,45,38,4,16,1,13,13,10,96,88,2,3,Expanded operational feed is synthetic and assumption-based.
2026-05-28 15:00:00,South Calgary Ambulatory Care Centre,48,42,1,22,7,25,4,4,120,108,7,1,Expanded operational feed is synthetic and assumption-based.
2026-05-28 16:00:00,South Calgary Ambulatory Care Centre,32,20,15,20,1,30,12,7,84,176,6,1,Expanded operational feed is synthetic and assumption-based.
2026-05-28 17:00:00,South Calgary Ambulatory Care Centre,45,36,4,25,4,28,12,14,65,59,8,1,Expanded operational feed is synthetic and assumption-based.
2026-05-28 18:00:00,South Calgary Ambulatory Care Centre,55,49,3,2,3,22,10,13,90,134,0,4,Expanded operational feed is synthetic and assumption-based.
2026-05-28 19:00:00,South Calgary Ambulatory Care Centre,51,46,5,19,0,12,4,5,54,175,1,2,Expanded operational feed is synthetic and assumption-based.
2026-05-28 20:00:00,South Calgary Ambulatory Care Centre,48,47,0,12,0,28,6,13,115,62,8,5,Expanded operational feed is synthetic and assumption-based.
2026-05-28 21:00:00,South Calgary Ambulatory Care Centre,43,40,4,21,6,38,5,14,56,104,6,3,Expanded operational feed is synthetic and assumption-based.
2026-05-28 22:00:00,South Calgary Ambulatory Care Centre,38,37,15,12,6,27,4,11,81,120,2,6,Expanded operational feed is synthetic and assumption-based.
2026-05-28 23:00:00,South Calgary Ambulatory Care Centre,30,21,11,1,6,33,12,6,86,78,1,6,Expanded operational feed is synthetic and assumption-based.
2026-05-29 00:00:00,South Calgary Ambulatory Care Centre,34,34,10,11,0,31,10,14,113,55,5,3,Expanded operational feed is synthetic and assumption-based.
2026-05-29 01:00:00,South Calgary Ambulatory Care Centre,50,40,16,13,1,24,8,4,119,93,0,6,Expanded operational feed is synthetic and assumption-based.
2026-05-29 02:00:00,South Calgary Ambulatory Care Centre,47,41,16,16,6,23,5,11,70,118,9,4,Expanded operational feed is synthetic and assumption-based.
2026-05-29 03:00:00,South Calgary Ambulatory Care Centre,38,38,14,23,2,32,5,12,87,142,5,0,Expanded operational feed is synthetic and assumption-based.
2026-05-29 04:00:00,South Calgary Ambulatory Care Centre,42,42,11,5,2,14,3,5,121,96,9,4,Expanded operational feed is synthetic and assumption-based.
2026-05-29 05:00:00,South Calgary Ambulatory Care Centre,48,37,17,2,1,25,10,10,128,185,2,1,Expanded operational feed is synthetic and assumption-based.
2026-05-29 06:00:00,South Calgary Ambulatory Care Centre,49,42,0,10,6,30,3,0,50,100,1,6,Expanded operational feed is synthetic and assumption-based.
2026-05-29 07:00:00,South Calgary Ambulatory Care Centre,38,34,15,4,3,21,3,1,71,143,0,3,Expanded operational feed is synthetic and assumption-based.
2026-05-29 08:00:00,South Calgary Ambulatory Care Centre,32,27,5,1,7,35,10,14,47,93,2,3,Expanded operational feed is synthetic and assumption-based.
2026-05-29 09:00:00,South Calgary Ambulatory Care Centre,40,34,5,25,4,27,6,6,88,131,3,4,Expanded operational feed is synthetic and assumption-based.
2026-05-29 10:00:00,South Calgary Ambulatory Care Centre,54,42,0,25,5,25,5,6,79,118,5,5,Expanded operational feed is synthetic and assumption-based.
2026-05-29 11:00:00,South Calgary Ambulatory Care Centre,53,42,7,15,1,38,13,11,110,141,5,6,Expanded operational feed is synthetic and assumption-based.
2026-05-29 12:00:00,South Calgary Ambulatory Care Centre,45,37,1,1,4,35,13,6,105,149,4,4,Expanded operational feed is synthetic and assumption-based.
2026-05-29 13:00:00,South Calgary Ambulatory Care Centre,34,31,17,2,6,27,4,3,84,150,8,1,Expanded operational feed is synthetic and assumption-based.
2026-05-29 14:00:00,South Calgary Ambulatory Care Centre,59,53,8,1,4,35,7,8,81,75,0,2,Expanded operational feed is synthetic and assumption-based.
2026-05-29 15:00:00,South Calgary Ambulatory Care Centre,50,39,15,2,1,16,12,2,51,131,8,0,Expanded operational feed is synthetic and assumption-based.
2026-05-29 16:00:00,South Calgary Ambulatory Care Centre,31,29,9,13,5,12,7,9,81,65,5,2,Expanded operational feed is synthetic and assumption-based.
2026-05-29 17:00:00,South Calgary Ambulatory Care Centre,59,49,11,20,4,16,4,14,57,103,4,4,Expanded operational feed is synthetic and assumption-based.
2026-05-29 18:00:00,South Calgary Ambulatory Care Centre,26,25,10,3,1,15,9,0,55,153,8,4,Expanded operational feed is synthetic and assumption-based.
2026-05-29 19:00:00,South Calgary Ambulatory Care Centre,54,45,1,24,4,12,11,8,60,136,3,0,Expanded operational feed is synthetic and assumption-based.
2026-05-29 20:00:00,South Calgary Ambulatory Care Centre,33,25,16,3,4,19,5,7,56,55,1,0,Expanded operational feed is synthetic and assumption-based.
2026-05-29 21:00:00,South Calgary Ambulatory Care Centre,38,32,7,9,6,14,10,13,96,94,5,4,Expanded operational feed is synthetic and assumption-based.
2026-05-29 22:00:00,South Calgary Ambulatory Care Centre,58,52,15,5,6,38,10,12,53,127,4,3,Expanded operational feed is synthetic and assumption-based.
2026-05-29 23:00:00,South Calgary Ambulatory Care Centre,50,46,0,13,3,34,3,9,110,155,2,2,Expanded operational feed is synthetic and assumption-based.
2026-05-30 00:00:00,South Calgary Ambulatory Care Centre,31,30,15,5,4,14,9,12,98,164,8,6,Expanded operational feed is synthetic and assumption-based.
2026-05-30 01:00:00,South Calgary Ambulatory Care Centre,56,45,9,3,2,21,13,11,114,180,7,6,Expanded operational feed is synthetic and assumption-based.
2026-05-30 02:00:00,South Calgary Ambulatory Care Centre,53,45,3,24,4,30,11,0,113,133,4,6,Expanded operational feed is synthetic and assumption-based.
2026-05-30 03:00:00,South Calgary Ambulatory Care Centre,32,25,17,17,4,32,4,8,79,120,8,0,Expanded operational feed is synthetic and assumption-based.
2026-05-30 04:00:00,South Calgary Ambulatory Care Centre,45,40,3,11,4,13,6,2,95,137,4,5,Expanded operational feed is synthetic and assumption-based.
2026-05-30 05:00:00,South Calgary Ambulatory Care Centre,51,41,11,11,0,12,11,5,46,87,9,0,Expanded operational feed is synthetic and assumption-based.
2026-05-30 06:00:00,South Calgary Ambulatory Care Centre,39,35,12,13,6,12,5,1,50,169,1,0,Expanded operational feed is synthetic and assumption-based.
2026-05-30 07:00:00,South Calgary Ambulatory Care Centre,52,48,15,8,7,19,4,15,109,101,4,4,Expanded operational feed is synthetic and assumption-based.
2026-05-28 08:00:00,Stollery Children's Hospital,41,32,1,2,1,22,11,10,69,133,6,2,Expanded operational feed is synthetic and assumption-based.
2026-05-28 09:00:00,Stollery Children's Hospital,34,32,10,25,1,12,4,1,56,144,7,6,Expanded operational feed is synthetic and assumption-based.
2026-05-28 10:00:00,Stollery Children's Hospital,48,42,0,6,6,17,3,9,118,86,1,3,Expanded operational feed is synthetic and assumption-based.
2026-05-28 11:00:00,Stollery Children's Hospital,43,37,10,4,6,30,7,1,77,128,4,3,Expanded operational feed is synthetic and assumption-based.
2026-05-28 12:00:00,Stollery Children's Hospital,41,33,13,5,2,22,11,11,75,87,2,4,Expanded operational feed is synthetic and assumption-based.
2026-05-28 13:00:00,Stollery Children's Hospital,28,21,11,13,0,29,4,2,46,81,9,6,Expanded operational feed is synthetic and assumption-based.
2026-05-28 14:00:00,Stollery Children's Hospital,46,37,6,7,7,34,5,15,108,189,7,3,Expanded operational feed is synthetic and assumption-based.
2026-05-28 15:00:00,Stollery Children's Hospital,39,32,10,7,4,21,12,6,96,113,8,5,Expanded operational feed is synthetic and assumption-based.
2026-05-28 16:00:00,Stollery Children's Hospital,61,51,16,7,1,29,11,2,45,62,2,1,Expanded operational feed is synthetic and assumption-based.
2026-05-28 17:00:00,Stollery Children's Hospital,36,32,10,5,6,33,5,3,89,167,6,6,Expanded operational feed is synthetic and assumption-based.
2026-05-28 18:00:00,Stollery Children's Hospital,55,50,1,23,0,35,3,9,74,141,3,1,Expanded operational feed is synthetic and assumption-based.
2026-05-28 19:00:00,Stollery Children's Hospital,59,49,0,16,5,14,13,12,114,120,6,1,Expanded operational feed is synthetic and assumption-based.
2026-05-28 20:00:00,Stollery Children's Hospital,57,46,10,6,7,25,3,8,125,144,0,0,Expanded operational feed is synthetic and assumption-based.
2026-05-28 21:00:00,Stollery Children's Hospital,44,31,7,15,0,17,8,4,73,98,2,0,Expanded operational feed is synthetic and assumption-based.
2026-05-28 22:00:00,Stollery Children's Hospital,30,24,2,12,5,32,3,1,119,116,7,1,Expanded operational feed is synthetic and assumption-based.
2026-05-28 23:00:00,Stollery Children's Hospital,35,30,12,6,4,22,5,15,67,91,7,2,Expanded operational feed is synthetic and assumption-based.
2026-05-29 00:00:00,Stollery Children's Hospital,46,36,10,15,2,18,11,7,127,59,6,0,Expanded operational feed is synthetic and assumption-based.
2026-05-29 01:00:00,Stollery Children's Hospital,34,34,2,8,5,15,6,4,42,61,4,5,Expanded operational feed is synthetic and assumption-based.
2026-05-29 02:00:00,Stollery Children's Hospital,29,23,13,18,5,25,4,15,84,176,7,2,Expanded operational feed is synthetic and assumption-based.
2026-05-29 03:00:00,Stollery Children's Hospital,31,31,11,5,5,12,8,7,101,109,8,6,Expanded operational feed is synthetic and assumption-based.
2026-05-29 04:00:00,Stollery Children's Hospital,32,21,10,2,2,26,7,3,106,94,7,5,Expanded operational feed is synthetic and assumption-based.
2026-05-29 05:00:00,Stollery Children's Hospital,50,41,2,24,2,31,6,5,85,92,3,5,Expanded operational feed is synthetic and assumption-based.
2026-05-29 06:00:00,Stollery Children's Hospital,42,34,4,19,5,18,9,11,129,122,5,5,Expanded operational feed is synthetic and assumption-based.
2026-05-29 07:00:00,Stollery Children's Hospital,53,46,10,19,7,20,5,15,82,160,2,3,Expanded operational feed is synthetic and assumption-based.
2026-05-29 08:00:00,Stollery Children's Hospital,47,39,8,18,2,16,6,4,99,140,8,1,Expanded operational feed is synthetic and assumption-based.
2026-05-29 09:00:00,Stollery Children's Hospital,34,30,11,13,5,13,7,10,50,172,1,2,Expanded operational feed is synthetic and assumption-based.
2026-05-29 10:00:00,Stollery Children's Hospital,33,24,7,23,5,39,6,3,56,99,1,4,Expanded operational feed is synthetic and assumption-based.
2026-05-29 11:00:00,Stollery Children's Hospital,54,47,16,5,0,14,8,10,51,179,8,1,Expanded operational feed is synthetic and assumption-based.
2026-05-29 12:00:00,Stollery Children's Hospital,59,53,5,22,1,18,5,8,86,60,2,2,Expanded operational feed is synthetic and assumption-based.
2026-05-29 13:00:00,Stollery Children's Hospital,38,33,6,1,2,27,6,10,95,133,7,0,Expanded operational feed is synthetic and assumption-based.
2026-05-29 14:00:00,Stollery Children's Hospital,40,34,5,17,4,19,8,0,117,108,5,6,Expanded operational feed is synthetic and assumption-based.
2026-05-29 15:00:00,Stollery Children's Hospital,51,35,13,3,0,26,11,14,117,68,4,6,Expanded operational feed is synthetic and assumption-based.
2026-05-29 16:00:00,Stollery Children's Hospital,47,43,10,22,6,18,7,0,74,154,0,5,Expanded operational feed is synthetic and assumption-based.
2026-05-29 17:00:00,Stollery Children's Hospital,55,52,7,25,7,27,6,13,88,106,1,5,Expanded operational feed is synthetic and assumption-based.
2026-05-29 18:00:00,Stollery Children's Hospital,47,35,15,5,4,21,10,12,105,170,0,5,Expanded operational feed is synthetic and assumption-based.
2026-05-29 19:00:00,Stollery Children's Hospital,57,45,12,23,4,23,4,11,82,86,3,5,Expanded operational feed is synthetic and assumption-based.
2026-05-29 20:00:00,Stollery Children's Hospital,46,45,6,23,2,22,5,1,92,144,6,6,Expanded operational feed is synthetic and assumption-based.
2026-05-29 21:00:00,Stollery Children's Hospital,43,34,14,2,6,27,4,4,71,131,9,1,Expanded operational feed is synthetic and assumption-based.
2026-05-29 22:00:00,Stollery Children's Hospital,51,47,14,14,0,28,11,10,78,171,4,2,Expanded operational feed is synthetic and assumption-based.
2026-05-29 23:00:00,Stollery Children's Hospital,38,28,4,20,3,39,10,2,98,184,4,2,Expanded operational feed is synthetic and assumption-based.
2026-05-30 00:00:00,Stollery Children's Hospital,46,36,11,10,3,36,6,3,105,169,7,2,Expanded operational feed is synthetic and assumption-based.
2026-05-30 01:00:00,Stollery Children's Hospital,26,21,0,20,7,34,9,6,43,116,9,2,Expanded operational feed is synthetic and assumption-based.
2026-05-30 02:00:00,Stollery Children's Hospital,39,29,10,15,2,14,5,8,96,65,3,1,Expanded operational feed is synthetic and assumption-based.
2026-05-30 03:00:00,Stollery Children's Hospital,27,23,10,9,7,21,7,2,117,154,0,3,Expanded operational feed is synthetic and assumption-based.
2026-05-30 04:00:00,Stollery Children's Hospital,51,45,6,10,3,13,8,13,114,124,6,2,Expanded operational feed is synthetic and assumption-based.
2026-05-30 05:00:00,Stollery Children's Hospital,29,23,10,1,1,39,12,8,123,105,6,6,Expanded operational feed is synthetic and assumption-based.
2026-05-30 06:00:00,Stollery Children's Hospital,32,28,14,7,4,26,9,7,118,79,6,3,Expanded operational feed is synthetic and assumption-based.
2026-05-30 07:00:00,Stollery Children's Hospital,35,30,9,18,0,31,6,2,94,91,4,1,Expanded operational feed is synthetic and assumption-based.
