facility,zone,city,timestamp,temperature_c,humidex,aqhi,wildfire_smoke_risk,weather_alert_count,heat_alert,environmental_stress_index,source_category
Stollery Children's Hospital,Edmonton,Edmonton,2026-05-31 09:00:00,12.3,15.1,5,0.47198991208284286,0,False,0.390196469228995,HYBRID_OPEN_SYNTHETIC
Stollery Children's Hospital,Edmonton,Edmonton,2026-05-31 10:00:00,15.5,18.3,5,0.3009256823977174,0,False,0.3303239888392011,HYBRID_OPEN_SYNTHETIC
Stollery Children's Hospital,Edmonton,Edmonton,2026-05-31 11:00:00,21.4,23.6,7,0.5207059366788582,1,False,0.49724707783760036,HYBRID_OPEN_SYNTHETIC
Stollery Children's Hospital,Edmonton,Edmonton,2026-05-31 12:00:00,19.5,25.6,4,0.5240807148098277,0,False,0.3634282501834397,HYBRID_OPEN_SYNTHETIC
Stollery Children's Hospital,Edmonton,Edmonton,2026-05-31 13:00:00,16.7,19.5,4,0.2859286365960657,0,False,0.280075022808623,HYBRID_OPEN_SYNTHETIC
Stollery Children's Hospital,Edmonton,Edmonton,2026-05-31 14:00:00,20.2,26.5,4,0.37365631612904093,0,False,0.31077971064516435,HYBRID_OPEN_SYNTHETIC
Stollery Children's Hospital,Edmonton,Edmonton,2026-05-31 15:00:00,22.5,26.0,4,0.35200787918613907,1,False,0.3032027577151487,HYBRID_OPEN_SYNTHETIC
Stollery Children's Hospital,Edmonton,Edmonton,2026-05-31 16:00:00,25.2,30.7,2,0.2956157367676664,1,False,0.19346550786868325,HYBRID_OPEN_SYNTHETIC
Stollery Children's Hospital,Edmonton,Edmonton,2026-05-31 17:00:00,25.7,28.3,6,0.27891989185878463,0,False,0.36762196215057463,HYBRID_OPEN_SYNTHETIC
Stollery Children's Hospital,Edmonton,Edmonton,2026-05-31 18:00:00,23.7,27.4,7,0.4214676776017554,1,False,0.46251368716061436,HYBRID_OPEN_SYNTHETIC
Stollery Children's Hospital,Edmonton,Edmonton,2026-05-31 19:00:00,23.4,24.9,4,0.31851497126453676,0,False,0.29148023994258787,HYBRID_OPEN_SYNTHETIC
Stollery Children's Hospital,Edmonton,Edmonton,2026-05-31 20:00:00,22.6,28.8,5,0.2504119717056117,0,False,0.3126441900969641,HYBRID_OPEN_SYNTHETIC
Stollery Children's Hospital,Edmonton,Edmonton,2026-05-31 21:00:00,25.1,28.1,6,0.20569148181003072,0,False,0.34199201863351075,HYBRID_OPEN_SYNTHETIC
Stollery Children's Hospital,Edmonton,Edmonton,2026-05-31 22:00:00,23.6,29.9,5,0.25744717444739557,0,False,0.31510651105658843,HYBRID_OPEN_SYNTHETIC
Stollery Children's Hospital,Edmonton,Edmonton,2026-05-31 23:00:00,18.7,23.8,4,0.2700133052986621,0,False,0.27450465685453174,HYBRID_OPEN_SYNTHETIC
Stollery Children's Hospital,Edmonton,Edmonton,2026-06-01 00:00:00,16.4,20.4,6,0.7397639495504986,1,False,0.5289173823426745,HYBRID_OPEN_SYNTHETIC
Stollery Children's Hospital,Edmonton,Edmonton,2026-06-01 01:00:00,14.7,19.6,6,0.5705330891257907,1,False,0.46968658119402673,HYBRID_OPEN_SYNTHETIC
Stollery Children's Hospital,Edmonton,Edmonton,2026-06-01 02:00:00,14.0,19.4,5,0.3488550231241835,1,False,0.3470992580934642,HYBRID_OPEN_SYNTHETIC
Stollery Children's Hospital,Edmonton,Edmonton,2026-06-01 03:00:00,13.0,14.8,4,0.28564265605277406,0,False,0.2799749296184709,HYBRID_OPEN_SYNTHETIC
Stollery Children's Hospital,Edmonton,Edmonton,2026-06-01 04:00:00,10.8,12.7,5,0.2949678742177686,0,False,0.328238755976219,HYBRID_OPEN_SYNTHETIC
Stollery Children's Hospital,Edmonton,Edmonton,2026-06-01 05:00:00,11.4,16.2,5,0.27853514583876193,0,False,0.3224873010435667,HYBRID_OPEN_SYNTHETIC
Stollery Children's Hospital,Edmonton,Edmonton,2026-06-01 06:00:00,14.5,17.6,6,0.676629532101358,1,False,0.5068203362354753,HYBRID_OPEN_SYNTHETIC
Stollery Children's Hospital,Edmonton,Edmonton,2026-06-01 07:00:00,14.3,17.2,5,0.284639403715827,0,False,0.3246237913005395,HYBRID_OPEN_SYNTHETIC
Stollery Children's Hospital,Edmonton,Edmonton,2026-06-01 08:00:00,13.3,17.1,3,0.3047936901069158,0,False,0.24167779153742053,HYBRID_OPEN_SYNTHETIC
Stollery Children's Hospital,Edmonton,Edmonton,2026-06-01 09:00:00,13.6,18.8,3,0.5368973898379243,0,False,0.3229140864432735,HYBRID_OPEN_SYNTHETIC
Stollery Children's Hospital,Edmonton,Edmonton,2026-06-01 10:00:00,22.0,26.4,4,0.3391028434690525,0,False,0.2986859952141684,HYBRID_OPEN_SYNTHETIC
Stollery Children's Hospital,Edmonton,Edmonton,2026-06-01 11:00:00,15.0,15.0,7,0.5007078328156143,0,False,0.490247741485465,HYBRID_OPEN_SYNTHETIC
Stollery Children's Hospital,Edmonton,Edmonton,2026-06-01 12:00:00,20.5,21.7,2,0.33480156340932976,0,False,0.20718054719326542,HYBRID_OPEN_SYNTHETIC
Stollery Children's Hospital,Edmonton,Edmonton,2026-06-01 13:00:00,24.4,28.3,5,0.3622729103615928,0,False,0.35179551862655745,HYBRID_OPEN_SYNTHETIC
Stollery Children's Hospital,Edmonton,Edmonton,2026-06-01 14:00:00,21.2,26.8,6,0.26705303941259023,1,False,0.3634685637944066,HYBRID_OPEN_SYNTHETIC
Stollery Children's Hospital,Edmonton,Edmonton,2026-06-01 15:00:00,18.0,23.3,4,0.5313261669970374,0,False,0.36596415844896313,HYBRID_OPEN_SYNTHETIC
Stollery Children's Hospital,Edmonton,Edmonton,2026-06-01 16:00:00,21.5,25.8,5,0.2891824460368072,1,False,0.3262138561128825,HYBRID_OPEN_SYNTHETIC
Stollery Children's Hospital,Edmonton,Edmonton,2026-06-01 17:00:00,26.2,28.7,5,0.4964303835810333,0,False,0.39875063425336166,HYBRID_OPEN_SYNTHETIC
Stollery Children's Hospital,Edmonton,Edmonton,2026-06-01 18:00:00,23.9,23.9,5,0.49438334867173744,0,False,0.3980341720351081,HYBRID_OPEN_SYNTHETIC
Stollery Children's Hospital,Edmonton,Edmonton,2026-06-01 19:00:00,23.9,26.0,4,0.25957532398740346,1,False,0.27085136339559124,HYBRID_OPEN_SYNTHETIC
Stollery Children's Hospital,Edmonton,Edmonton,2026-06-01 20:00:00,24.9,29.4,4,0.36987696388640234,0,False,0.3094569373602408,HYBRID_OPEN_SYNTHETIC
Stollery Children's Hospital,Edmonton,Edmonton,2026-06-01 21:00:00,21.6,27.6,4,0.2121946711221711,0,False,0.2542681348927599,HYBRID_OPEN_SYNTHETIC
Stollery Children's Hospital,Edmonton,Edmonton,2026-06-01 22:00:00,23.7,28.8,4,0.43440300208272414,0,False,0.33204105072895346,HYBRID_OPEN_SYNTHETIC
Stollery Children's Hospital,Edmonton,Edmonton,2026-06-01 23:00:00,14.1,17.8,7,0.5239216195592933,0,False,0.49837256684575265,HYBRID_OPEN_SYNTHETIC
Stollery Children's Hospital,Edmonton,Edmonton,2026-06-02 00:00:00,17.1,23.8,4,0.40192426328106423,1,False,0.3206734921483725,HYBRID_OPEN_SYNTHETIC
Stollery Children's Hospital,Edmonton,Edmonton,2026-06-02 01:00:00,17.7,23.7,2,0.19720436624597987,0,False,0.15902152818609294,HYBRID_OPEN_SYNTHETIC
Stollery Children's Hospital,Edmonton,Edmonton,2026-06-02 02:00:00,11.8,15.0,7,0.4627323488800849,0,False,0.47695632210802974,HYBRID_OPEN_SYNTHETIC
Stollery Children's Hospital,Edmonton,Edmonton,2026-06-02 03:00:00,16.1,20.2,5,0.48848583729420153,0,False,0.39597004305297057,HYBRID_OPEN_SYNTHETIC
Stollery Children's Hospital,Edmonton,Edmonton,2026-06-02 04:00:00,8.9,12.4,6,0.3277629636814727,0,False,0.3847170372885155,HYBRID_OPEN_SYNTHETIC
Stollery Children's Hospital,Edmonton,Edmonton,2026-06-02 05:00:00,9.1,11.9,4,0.3124940104398879,0,False,0.2893729036539608,HYBRID_OPEN_SYNTHETIC
Stollery Children's Hospital,Edmonton,Edmonton,2026-06-02 06:00:00,8.5,9.0,3,0.20863451046079975,0,False,0.20802207866127992,HYBRID_OPEN_SYNTHETIC
Stollery Children's Hospital,Edmonton,Edmonton,2026-06-02 07:00:00,12.7,13.1,4,0.24321987093645886,1,False,0.2651269548277606,HYBRID_OPEN_SYNTHETIC
Stollery Children's Hospital,Edmonton,Edmonton,2026-06-02 08:00:00,16.5,22.9,6,0.36923499525409864,0,False,0.39923224833893456,HYBRID_OPEN_SYNTHETIC
Stollery Children's Hospital,Edmonton,Edmonton,2026-06-02 09:00:00,13.2,16.0,5,0.2714600372709936,0,False,0.32001101304484775,HYBRID_OPEN_SYNTHETIC
Stollery Children's Hospital,Edmonton,Edmonton,2026-06-02 10:00:00,9.9,12.6,3,0.2865198446860646,1,False,0.23528194564012261,HYBRID_OPEN_SYNTHETIC
Stollery Children's Hospital,Edmonton,Edmonton,2026-06-02 11:00:00,15.4,17.6,5,0.3029955068511471,0,False,0.3310484273979015,HYBRID_OPEN_SYNTHETIC
Stollery Children's Hospital,Edmonton,Edmonton,2026-06-02 12:00:00,21.0,23.9,4,0.27320894275443264,1,False,0.27562312996405147,HYBRID_OPEN_SYNTHETIC
Stollery Children's Hospital,Edmonton,Edmonton,2026-06-02 13:00:00,25.4,27.0,4,0.19845484602398653,1,False,0.2494591961083953,HYBRID_OPEN_SYNTHETIC
Stollery Children's Hospital,Edmonton,Edmonton,2026-06-02 14:00:00,22.9,25.5,3,0.34059681715805334,0,False,0.25420888600531866,HYBRID_OPEN_SYNTHETIC
Stollery Children's Hospital,Edmonton,Edmonton,2026-06-02 15:00:00,23.4,29.8,7,0.3912329787512532,0,False,0.4519315425629386,HYBRID_OPEN_SYNTHETIC
Stollery Children's Hospital,Edmonton,Edmonton,2026-06-02 16:00:00,25.6,29.6,4,0.2266793113257429,0,False,0.25933775896401,HYBRID_OPEN_SYNTHETIC
Stollery Children's Hospital,Edmonton,Edmonton,2026-06-02 17:00:00,20.4,27.0,4,0.26672805033731506,0,False,0.2733548176180603,HYBRID_OPEN_SYNTHETIC
Stollery Children's Hospital,Edmonton,Edmonton,2026-06-02 18:00:00,23.7,25.1,4,0.41660955091986307,0,False,0.32581334282195207,HYBRID_OPEN_SYNTHETIC
Stollery Children's Hospital,Edmonton,Edmonton,2026-06-02 19:00:00,27.1,33.2,3,0.2963758366199517,0,False,0.2387315428169831,HYBRID_OPEN_SYNTHETIC
Stollery Children's Hospital,Edmonton,Edmonton,2026-06-02 20:00:00,23.3,24.7,6,0.46483645990919426,1,False,0.43269276096821796,HYBRID_OPEN_SYNTHETIC
Stollery Children's Hospital,Edmonton,Edmonton,2026-06-02 21:00:00,23.6,26.9,2,0.3756666318457871,1,False,0.22148332114602548,HYBRID_OPEN_SYNTHETIC
Stollery Children's Hospital,Edmonton,Edmonton,2026-06-02 22:00:00,17.2,21.7,4,0.4709607527009519,1,False,0.34483626344533314,HYBRID_OPEN_SYNTHETIC
Stollery Children's Hospital,Edmonton,Edmonton,2026-06-02 23:00:00,16.7,20.1,6,0.7416954950667267,0,False,0.5295934232733543,HYBRID_OPEN_SYNTHETIC
Stollery Children's Hospital,Edmonton,Edmonton,2026-06-03 00:00:00,16.6,20.6,3,0.2020640635943198,0,False,0.20572242225801193,HYBRID_OPEN_SYNTHETIC
Stollery Children's Hospital,Edmonton,Edmonton,2026-06-03 01:00:00,15.8,19.7,5,0.5230968114962338,0,False,0.4080838840236818,HYBRID_OPEN_SYNTHETIC
Stollery Children's Hospital,Edmonton,Edmonton,2026-06-03 02:00:00,16.9,22.3,4,0.23853388487138338,1,False,0.2634868597049842,HYBRID_OPEN_SYNTHETIC
Stollery Children's Hospital,Edmonton,Edmonton,2026-06-03 03:00:00,15.4,18.0,6,0.3894756467925551,0,False,0.4063164763773943,HYBRID_OPEN_SYNTHETIC
Stollery Children's Hospital,Edmonton,Edmonton,2026-06-03 04:00:00,10.3,15.7,8,0.7665281752770914,0,False,0.628284861346982,HYBRID_OPEN_SYNTHETIC
Stollery Children's Hospital,Edmonton,Edmonton,2026-06-03 05:00:00,8.7,10.6,5,0.39829262297159396,0,False,0.3644024180400579,HYBRID_OPEN_SYNTHETIC
Stollery Children's Hospital,Edmonton,Edmonton,2026-06-03 06:00:00,15.3,17.7,4,0.44939963326254817,0,False,0.33728987164189184,HYBRID_OPEN_SYNTHETIC
Stollery Children's Hospital,Edmonton,Edmonton,2026-06-03 07:00:00,14.5,20.1,8,0.5110307036521271,0,False,0.5388607462782445,HYBRID_OPEN_SYNTHETIC
Stollery Children's Hospital,Edmonton,Edmonton,2026-06-03 08:00:00,14.9,17.8,6,0.5616594995601785,0,False,0.46658082484606245,HYBRID_OPEN_SYNTHETIC
Stollery Children's Hospital,Edmonton,Edmonton,2026-06-03 09:00:00,12.6,17.4,7,0.30060515605916865,2,False,0.420211804620709,HYBRID_OPEN_SYNTHETIC
Stollery Children's Hospital,Edmonton,Edmonton,2026-06-03 10:00:00,18.4,22.6,6,0.3733034062052605,1,False,0.4006561921718412,HYBRID_OPEN_SYNTHETIC
Stollery Children's Hospital,Edmonton,Edmonton,2026-06-03 11:00:00,15.4,20.2,5,0.3446860607599198,0,False,0.34564012126597193,HYBRID_OPEN_SYNTHETIC
Stollery Children's Hospital,Edmonton,Edmonton,2026-06-03 12:00:00,19.5,25.0,6,0.2962158326612517,1,False,0.3736755414314381,HYBRID_OPEN_SYNTHETIC
Stollery Children's Hospital,Edmonton,Edmonton,2026-06-03 13:00:00,22.9,22.9,5,0.5392931381826924,0,False,0.41375259836394235,HYBRID_OPEN_SYNTHETIC
Stollery Children's Hospital,Edmonton,Edmonton,2026-06-03 14:00:00,22.9,27.2,4,0.36667430506646337,0,False,0.30833600677326223,HYBRID_OPEN_SYNTHETIC
Stollery Children's Hospital,Edmonton,Edmonton,2026-06-03 15:00:00,22.9,24.6,1,0.20461498726366834,0,False,0.11661524554228392,HYBRID_OPEN_SYNTHETIC
Stollery Children's Hospital,Edmonton,Edmonton,2026-06-03 16:00:00,20.6,26.5,4,0.2530034386879569,0,False,0.26855120354078493,HYBRID_OPEN_SYNTHETIC
Stollery Children's Hospital,Edmonton,Edmonton,2026-06-03 17:00:00,23.2,26.0,5,0.20655615126638088,1,False,0.2972946529432333,HYBRID_OPEN_SYNTHETIC
Stollery Children's Hospital,Edmonton,Edmonton,2026-06-03 18:00:00,27.0,33.0,4,0.26557989083071626,1,True,0.4729529617907507,HYBRID_OPEN_SYNTHETIC
Stollery Children's Hospital,Edmonton,Edmonton,2026-06-03 19:00:00,27.3,29.1,4,0.3890971016206419,0,True,0.5161839855672248,HYBRID_OPEN_SYNTHETIC
Stollery Children's Hospital,Edmonton,Edmonton,2026-06-03 20:00:00,23.9,26.8,5,0.5808309992698328,0,False,0.4282908497444415,HYBRID_OPEN_SYNTHETIC
Stollery Children's Hospital,Edmonton,Edmonton,2026-06-03 21:00:00,18.2,20.3,7,0.8027693120805168,0,False,0.5959692592281809,HYBRID_OPEN_SYNTHETIC
Stollery Children's Hospital,Edmonton,Edmonton,2026-06-03 22:00:00,17.0,21.2,5,0.2798498644778119,0,False,0.3229474525672342,HYBRID_OPEN_SYNTHETIC
Stollery Children's Hospital,Edmonton,Edmonton,2026-06-03 23:00:00,21.3,26.5,5,0.43278369017343926,0,False,0.3764742915607038,HYBRID_OPEN_SYNTHETIC
Stollery Children's Hospital,Edmonton,Edmonton,2026-06-04 00:00:00,19.4,23.3,4,0.231683657146996,0,False,0.2610892800014486,HYBRID_OPEN_SYNTHETIC
Stollery Children's Hospital,Edmonton,Edmonton,2026-06-04 01:00:00,17.0,19.1,5,0.6118794721182297,0,False,0.4391578152413804,HYBRID_OPEN_SYNTHETIC
Stollery Children's Hospital,Edmonton,Edmonton,2026-06-04 02:00:00,10.9,14.1,6,0.6275332349346192,1,False,0.48963663222711673,HYBRID_OPEN_SYNTHETIC
Stollery Children's Hospital,Edmonton,Edmonton,2026-06-04 03:00:00,9.5,17.3,3,0.19835987648526124,1,False,0.20442595676984143,HYBRID_OPEN_SYNTHETIC
Stollery Children's Hospital,Edmonton,Edmonton,2026-06-04 04:00:00,11.6,15.2,7,0.48180542870044973,0,False,0.48363190004515744,HYBRID_OPEN_SYNTHETIC
Stollery Children's Hospital,Edmonton,Edmonton,2026-06-04 05:00:00,11.1,14.4,2,0.4072581460225057,0,False,0.23254035110787702,HYBRID_OPEN_SYNTHETIC
Stollery Children's Hospital,Edmonton,Edmonton,2026-06-04 06:00:00,11.2,12.9,7,0.7601651197841788,3,False,0.5810577919244626,HYBRID_OPEN_SYNTHETIC
Stollery Children's Hospital,Edmonton,Edmonton,2026-06-04 07:00:00,12.1,17.5,5,0.22748404944600237,0,False,0.3046194173061008,HYBRID_OPEN_SYNTHETIC
Stollery Children's Hospital,Edmonton,Edmonton,2026-06-04 08:00:00,12.7,18.7,3,0.5004071945592133,0,False,0.3101425180957247,HYBRID_OPEN_SYNTHETIC
Alberta Children's Hospital,Calgary,Calgary,2026-05-31 09:00:00,15.7,18.0,3,0.3792799792196496,0,False,0.2677479927268773,HYBRID_OPEN_SYNTHETIC
Alberta Children's Hospital,Calgary,Calgary,2026-05-31 10:00:00,17.5,21.0,6,0.603859747405822,0,False,0.4813509115920377,HYBRID_OPEN_SYNTHETIC
Alberta Children's Hospital,Calgary,Calgary,2026-05-31 11:00:00,18.1,22.4,3,0.14817725794115477,0,False,0.18686204027940417,HYBRID_OPEN_SYNTHETIC
Alberta Children's Hospital,Calgary,Calgary,2026-05-31 12:00:00,20.2,24.2,3,0.15443193356140691,0,False,0.1890511767464924,HYBRID_OPEN_SYNTHETIC
Alberta Children's Hospital,Calgary,Calgary,2026-05-31 13:00:00,22.9,24.3,6,0.46803333017666643,0,False,0.43381166556183326,HYBRID_OPEN_SYNTHETIC
Alberta Children's Hospital,Calgary,Calgary,2026-05-31 14:00:00,24.4,28.0,7,0.5648224620905602,0,False,0.5126878617316961,HYBRID_OPEN_SYNTHETIC
Alberta Children's Hospital,Calgary,Calgary,2026-05-31 15:00:00,22.9,23.9,9,0.7659820544904545,1,False,0.673093719071659,HYBRID_OPEN_SYNTHETIC
Alberta Children's Hospital,Calgary,Calgary,2026-05-31 16:00:00,24.6,31.4,6,0.5744866107589535,0,True,0.6710703137656338,HYBRID_OPEN_SYNTHETIC
Alberta Children's Hospital,Calgary,Calgary,2026-05-31 17:00:00,27.0,29.4,4,0.17734873650987257,0,False,0.24207205777845542,HYBRID_OPEN_SYNTHETIC
Alberta Children's Hospital,Calgary,Calgary,2026-05-31 18:00:00,27.6,31.9,5,0.41196894355359637,1,False,0.3691891302437587,HYBRID_OPEN_SYNTHETIC
Alberta Children's Hospital,Calgary,Calgary,2026-05-31 19:00:00,23.9,27.7,7,0.3046894207898816,0,False,0.42164129727645855,HYBRID_OPEN_SYNTHETIC
Alberta Children's Hospital,Calgary,Calgary,2026-05-31 20:00:00,23.6,25.9,3,0.14488308415060996,1,False,0.18570907945271348,HYBRID_OPEN_SYNTHETIC
Alberta Children's Hospital,Calgary,Calgary,2026-05-31 21:00:00,23.4,23.4,4,0.19152934037967323,0,False,0.24703526913288565,HYBRID_OPEN_SYNTHETIC
Alberta Children's Hospital,Calgary,Calgary,2026-05-31 22:00:00,18.7,20.1,4,0.431940909372844,1,False,0.3311793182804954,HYBRID_OPEN_SYNTHETIC
Alberta Children's Hospital,Calgary,Calgary,2026-05-31 23:00:00,18.8,23.4,2,0.15712727977205682,0,False,0.1449945479202199,HYBRID_OPEN_SYNTHETIC
Alberta Children's Hospital,Calgary,Calgary,2026-06-01 00:00:00,18.8,24.8,4,0.29962227903708477,1,False,0.2848677976629797,HYBRID_OPEN_SYNTHETIC
Alberta Children's Hospital,Calgary,Calgary,2026-06-01 01:00:00,18.8,19.0,6,0.2929084226158492,0,False,0.37251794791554727,HYBRID_OPEN_SYNTHETIC
Alberta Children's Hospital,Calgary,Calgary,2026-06-01 02:00:00,10.7,17.3,4,0.13062959019648368,0,False,0.22572035656876932,HYBRID_OPEN_SYNTHETIC
Alberta Children's Hospital,Calgary,Calgary,2026-06-01 03:00:00,11.7,15.8,3,0.15457371422714036,0,False,0.18910079997949913,HYBRID_OPEN_SYNTHETIC
Alberta Children's Hospital,Calgary,Calgary,2026-06-01 04:00:00,10.8,12.8,5,0.4881735935772,1,False,0.39586075775202,HYBRID_OPEN_SYNTHETIC
Alberta Children's Hospital,Calgary,Calgary,2026-06-01 05:00:00,10.0,14.1,8,0.9823311908293199,2,False,0.703815916790262,HYBRID_OPEN_SYNTHETIC
Alberta Children's Hospital,Calgary,Calgary,2026-06-01 06:00:00,11.7,15.0,3,0.15263235321085022,0,False,0.1884213236237976,HYBRID_OPEN_SYNTHETIC
Alberta Children's Hospital,Calgary,Calgary,2026-06-01 07:00:00,15.8,15.8,3,0.2585701574933086,0,False,0.225499555122658,HYBRID_OPEN_SYNTHETIC
Alberta Children's Hospital,Calgary,Calgary,2026-06-01 08:00:00,15.4,22.8,6,0.3395835403718942,0,False,0.388854239130163,HYBRID_OPEN_SYNTHETIC
Alberta Children's Hospital,Calgary,Calgary,2026-06-01 09:00:00,18.6,20.7,3,0.2840225986625706,0,False,0.23440790953189972,HYBRID_OPEN_SYNTHETIC
Alberta Children's Hospital,Calgary,Calgary,2026-06-01 10:00:00,16.5,21.1,3,0.2804029322443663,0,False,0.2331410262855282,HYBRID_OPEN_SYNTHETIC
Alberta Children's Hospital,Calgary,Calgary,2026-06-01 11:00:00,17.6,19.6,4,0.3283137698506068,1,False,0.2949098194477124,HYBRID_OPEN_SYNTHETIC
Alberta Children's Hospital,Calgary,Calgary,2026-06-01 12:00:00,21.8,26.0,3,0.3976005727144077,0,False,0.2741602004500427,HYBRID_OPEN_SYNTHETIC
Alberta Children's Hospital,Calgary,Calgary,2026-06-01 13:00:00,22.5,29.9,5,0.5407635954560986,0,False,0.4142672584096345,HYBRID_OPEN_SYNTHETIC
Alberta Children's Hospital,Calgary,Calgary,2026-06-01 14:00:00,24.5,28.2,2,0.1967525909309105,0,False,0.15886340682581868,HYBRID_OPEN_SYNTHETIC
Alberta Children's Hospital,Calgary,Calgary,2026-06-01 15:00:00,25.5,28.4,3,0.16366814067669466,1,False,0.19228384923684314,HYBRID_OPEN_SYNTHETIC
Alberta Children's Hospital,Calgary,Calgary,2026-06-01 16:00:00,28.2,33.3,2,0.13691267942440272,0,False,0.13791943779854096,HYBRID_OPEN_SYNTHETIC
Alberta Children's Hospital,Calgary,Calgary,2026-06-01 17:00:00,25.8,28.9,3,0.25131799342725303,0,False,0.22296129769953857,HYBRID_OPEN_SYNTHETIC
Alberta Children's Hospital,Calgary,Calgary,2026-06-01 18:00:00,23.5,28.1,6,0.6848395351230518,0,False,0.5096938372930682,HYBRID_OPEN_SYNTHETIC
Alberta Children's Hospital,Calgary,Calgary,2026-06-01 19:00:00,25.6,29.7,2,0.1805790669442173,0,True,0.35320267343047607,HYBRID_OPEN_SYNTHETIC
Alberta Children's Hospital,Calgary,Calgary,2026-06-01 20:00:00,24.7,24.7,5,0.40903570355451463,0,False,0.36816249624408015,HYBRID_OPEN_SYNTHETIC
Alberta Children's Hospital,Calgary,Calgary,2026-06-01 21:00:00,25.5,28.9,2,0.20372460160438285,1,False,0.161303610561534,HYBRID_OPEN_SYNTHETIC
Alberta Children's Hospital,Calgary,Calgary,2026-06-01 22:00:00,23.4,25.7,4,0.1758235368302613,0,False,0.24153823789059148,HYBRID_OPEN_SYNTHETIC
Alberta Children's Hospital,Calgary,Calgary,2026-06-01 23:00:00,16.4,20.3,2,0.15531141887307298,0,False,0.14435899660557555,HYBRID_OPEN_SYNTHETIC
Alberta Children's Hospital,Calgary,Calgary,2026-06-02 00:00:00,18.1,19.3,4,0.3831629039165628,1,False,0.31410701637079697,HYBRID_OPEN_SYNTHETIC
Alberta Children's Hospital,Calgary,Calgary,2026-06-02 01:00:00,14.7,19.2,4,0.22432919473547208,0,False,0.25851521815741524,HYBRID_OPEN_SYNTHETIC
Alberta Children's Hospital,Calgary,Calgary,2026-06-02 02:00:00,15.0,19.1,5,0.16264298033187571,0,False,0.2819250431161565,HYBRID_OPEN_SYNTHETIC
Alberta Children's Hospital,Calgary,Calgary,2026-06-02 03:00:00,16.5,16.5,3,0.16080914696723242,0,False,0.19128320143853134,HYBRID_OPEN_SYNTHETIC
Alberta Children's Hospital,Calgary,Calgary,2026-06-02 04:00:00,10.7,13.2,4,0.21106242263330477,0,False,0.2538718479216567,HYBRID_OPEN_SYNTHETIC
Alberta Children's Hospital,Calgary,Calgary,2026-06-02 05:00:00,7.1,11.2,5,0.409992685186289,1,False,0.3684974398152011,HYBRID_OPEN_SYNTHETIC
Alberta Children's Hospital,Calgary,Calgary,2026-06-02 06:00:00,12.5,12.9,5,0.3383966967527884,0,False,0.34343884386347595,HYBRID_OPEN_SYNTHETIC
Alberta Children's Hospital,Calgary,Calgary,2026-06-02 07:00:00,16.0,18.7,4,0.17217578848502313,1,False,0.2402615259697581,HYBRID_OPEN_SYNTHETIC
Alberta Children's Hospital,Calgary,Calgary,2026-06-02 08:00:00,11.0,12.0,4,0.22902654259137603,0,False,0.2601592899069816,HYBRID_OPEN_SYNTHETIC
Alberta Children's Hospital,Calgary,Calgary,2026-06-02 09:00:00,10.4,15.3,3,0.13108256962016973,1,False,0.18087889936705942,HYBRID_OPEN_SYNTHETIC
Alberta Children's Hospital,Calgary,Calgary,2026-06-02 10:00:00,16.7,17.7,3,0.24937006628842265,0,False,0.22227952320094793,HYBRID_OPEN_SYNTHETIC
Alberta Children's Hospital,Calgary,Calgary,2026-06-02 11:00:00,21.6,28.6,5,0.509991053439055,0,False,0.4034968687036693,HYBRID_OPEN_SYNTHETIC
Alberta Children's Hospital,Calgary,Calgary,2026-06-02 12:00:00,20.9,25.8,4,0.421375718075851,0,False,0.32748150132654785,HYBRID_OPEN_SYNTHETIC
Alberta Children's Hospital,Calgary,Calgary,2026-06-02 13:00:00,24.2,28.8,2,0.3184501564906354,0,False,0.2014575547717224,HYBRID_OPEN_SYNTHETIC
Alberta Children's Hospital,Calgary,Calgary,2026-06-02 14:00:00,23.6,26.6,6,0.38935277473036833,0,False,0.40627347115562895,HYBRID_OPEN_SYNTHETIC
Alberta Children's Hospital,Calgary,Calgary,2026-06-02 15:00:00,27.1,28.9,5,0.16280618885647138,0,False,0.281982166099765,HYBRID_OPEN_SYNTHETIC
Alberta Children's Hospital,Calgary,Calgary,2026-06-02 16:00:00,28.5,34.6,3,0.21717945283487747,0,False,0.2110128084922071,HYBRID_OPEN_SYNTHETIC
Alberta Children's Hospital,Calgary,Calgary,2026-06-02 17:00:00,28.0,33.9,6,0.35201082674714557,1,True,0.593203789361501,HYBRID_OPEN_SYNTHETIC
Alberta Children's Hospital,Calgary,Calgary,2026-06-02 18:00:00,22.5,22.5,4,0.2462664744137397,0,False,0.2661932660448089,HYBRID_OPEN_SYNTHETIC
Alberta Children's Hospital,Calgary,Calgary,2026-06-02 19:00:00,22.1,24.7,8,0.4770838357218474,1,False,0.5269793425026467,HYBRID_OPEN_SYNTHETIC
Alberta Children's Hospital,Calgary,Calgary,2026-06-02 20:00:00,22.6,22.6,3,0.23617898571876722,0,False,0.2176626450015685,HYBRID_OPEN_SYNTHETIC
Alberta Children's Hospital,Calgary,Calgary,2026-06-02 21:00:00,18.9,19.1,2,0.1547027013605743,0,False,0.14414594547620102,HYBRID_OPEN_SYNTHETIC
Alberta Children's Hospital,Calgary,Calgary,2026-06-02 22:00:00,19.6,22.3,4,0.47897630600066365,1,False,0.3476417071002323,HYBRID_OPEN_SYNTHETIC
Alberta Children's Hospital,Calgary,Calgary,2026-06-02 23:00:00,18.4,19.6,3,0.1459239997340574,0,False,0.1860733999069201,HYBRID_OPEN_SYNTHETIC
Alberta Children's Hospital,Calgary,Calgary,2026-06-03 00:00:00,14.1,19.9,8,0.8294360370269734,0,False,0.6503026129594407,HYBRID_OPEN_SYNTHETIC
Alberta Children's Hospital,Calgary,Calgary,2026-06-03 01:00:00,15.5,21.4,4,0.19327993904816199,0,False,0.24764797866685673,HYBRID_OPEN_SYNTHETIC
Alberta Children's Hospital,Calgary,Calgary,2026-06-03 02:00:00,14.9,18.3,3,0.13461394439909666,0,False,0.18211488053968383,HYBRID_OPEN_SYNTHETIC
Alberta Children's Hospital,Calgary,Calgary,2026-06-03 03:00:00,11.0,18.3,3,0.28330327383850007,0,False,0.23415614584347502,HYBRID_OPEN_SYNTHETIC
Alberta Children's Hospital,Calgary,Calgary,2026-06-03 04:00:00,9.5,14.3,7,0.5331069754036326,1,False,0.5015874413912714,HYBRID_OPEN_SYNTHETIC
Alberta Children's Hospital,Calgary,Calgary,2026-06-03 05:00:00,5.6,8.9,2,0.15543141269006527,0,False,0.14440099444152285,HYBRID_OPEN_SYNTHETIC
Alberta Children's Hospital,Calgary,Calgary,2026-06-03 06:00:00,16.5,19.6,3,0.2775053829014176,0,False,0.23212688401549614,HYBRID_OPEN_SYNTHETIC
Alberta Children's Hospital,Calgary,Calgary,2026-06-03 07:00:00,6.7,10.4,8,0.4063883942509919,0,False,0.5022359379878472,HYBRID_OPEN_SYNTHETIC
Alberta Children's Hospital,Calgary,Calgary,2026-06-03 08:00:00,14.1,17.2,6,0.31962877382173593,1,False,0.3818700708376076,HYBRID_OPEN_SYNTHETIC
Alberta Children's Hospital,Calgary,Calgary,2026-06-03 09:00:00,14.4,16.5,3,0.44540133005444255,0,False,0.2908904655190549,HYBRID_OPEN_SYNTHETIC
Alberta Children's Hospital,Calgary,Calgary,2026-06-03 10:00:00,14.8,17.3,7,0.4429598421200101,0,False,0.4700359447420035,HYBRID_OPEN_SYNTHETIC
Alberta Children's Hospital,Calgary,Calgary,2026-06-03 11:00:00,20.2,24.1,3,0.12463621041319303,0,False,0.17862267364461756,HYBRID_OPEN_SYNTHETIC
Alberta Children's Hospital,Calgary,Calgary,2026-06-03 12:00:00,19.3,24.1,4,0.19769103706608399,2,False,0.2491918629731294,HYBRID_OPEN_SYNTHETIC
Alberta Children's Hospital,Calgary,Calgary,2026-06-03 13:00:00,20.0,24.5,5,0.6949799219241145,1,False,0.46824297267344006,HYBRID_OPEN_SYNTHETIC
Alberta Children's Hospital,Calgary,Calgary,2026-06-03 14:00:00,23.3,28.5,3,0.19280920674354857,0,False,0.20248322236024202,HYBRID_OPEN_SYNTHETIC
Alberta Children's Hospital,Calgary,Calgary,2026-06-03 15:00:00,24.9,24.9,5,0.48681908057136464,0,False,0.39538667819997764,HYBRID_OPEN_SYNTHETIC
Alberta Children's Hospital,Calgary,Calgary,2026-06-03 16:00:00,26.4,29.8,2,0.13858792846789794,0,False,0.1385057749637643,HYBRID_OPEN_SYNTHETIC
Alberta Children's Hospital,Calgary,Calgary,2026-06-03 17:00:00,27.2,30.8,6,0.3708423255087623,0,False,0.3997948139280668,HYBRID_OPEN_SYNTHETIC
Alberta Children's Hospital,Calgary,Calgary,2026-06-03 18:00:00,22.6,25.4,4,0.2914266709943129,0,False,0.28199933484800954,HYBRID_OPEN_SYNTHETIC
Alberta Children's Hospital,Calgary,Calgary,2026-06-03 19:00:00,25.0,27.7,4,0.15687195939117954,0,False,0.23490518578691286,HYBRID_OPEN_SYNTHETIC
Alberta Children's Hospital,Calgary,Calgary,2026-06-03 20:00:00,23.2,27.3,3,0.32270431693367574,0,False,0.2479465109267865,HYBRID_OPEN_SYNTHETIC
Alberta Children's Hospital,Calgary,Calgary,2026-06-03 21:00:00,27.6,27.8,1,0.13825493936844008,0,False,0.09338922877895403,HYBRID_OPEN_SYNTHETIC
Alberta Children's Hospital,Calgary,Calgary,2026-06-03 22:00:00,19.7,21.3,5,0.4264010886726241,0,False,0.37424038103541846,HYBRID_OPEN_SYNTHETIC
Alberta Children's Hospital,Calgary,Calgary,2026-06-03 23:00:00,23.2,28.6,4,0.30751658598985865,1,False,0.28763080509645056,HYBRID_OPEN_SYNTHETIC
Alberta Children's Hospital,Calgary,Calgary,2026-06-04 00:00:00,16.7,18.7,7,0.5998859291823048,1,False,0.5249600752138066,HYBRID_OPEN_SYNTHETIC
Alberta Children's Hospital,Calgary,Calgary,2026-06-04 01:00:00,11.2,11.2,1,0.14579185147122586,0,False,0.09602714801492906,HYBRID_OPEN_SYNTHETIC
Alberta Children's Hospital,Calgary,Calgary,2026-06-04 02:00:00,14.0,14.0,3,0.17968198103676936,0,False,0.1978886933628693,HYBRID_OPEN_SYNTHETIC
Alberta Children's Hospital,Calgary,Calgary,2026-06-04 03:00:00,9.9,14.0,4,0.35456203783272355,0,False,0.30409671324145326,HYBRID_OPEN_SYNTHETIC
Alberta Children's Hospital,Calgary,Calgary,2026-06-04 04:00:00,12.8,17.6,7,0.6562151271281333,1,False,0.5446752944948466,HYBRID_OPEN_SYNTHETIC
Alberta Children's Hospital,Calgary,Calgary,2026-06-04 05:00:00,10.2,12.1,3,0.15673750295514396,0,False,0.18985812603430038,HYBRID_OPEN_SYNTHETIC
Alberta Children's Hospital,Calgary,Calgary,2026-06-04 06:00:00,10.3,15.1,5,0.16182678220017457,0,False,0.2816393737700611,HYBRID_OPEN_SYNTHETIC
Alberta Children's Hospital,Calgary,Calgary,2026-06-04 07:00:00,14.0,17.3,5,0.3254685833839741,0,False,0.33891400418439094,HYBRID_OPEN_SYNTHETIC
Alberta Children's Hospital,Calgary,Calgary,2026-06-04 08:00:00,14.8,23.4,7,0.6181268662577315,0,False,0.531344403190206,HYBRID_OPEN_SYNTHETIC
Royal Alexandra Hospital,Edmonton,Edmonton,2026-05-31 09:00:00,13.0,15.3,2,0.2541575543655912,0,False,0.17895514402795692,HYBRID_OPEN_SYNTHETIC
Royal Alexandra Hospital,Edmonton,Edmonton,2026-05-31 10:00:00,12.2,16.5,6,0.3059839333979384,0,False,0.3770943766892785,HYBRID_OPEN_SYNTHETIC
Royal Alexandra Hospital,Edmonton,Edmonton,2026-05-31 11:00:00,16.3,18.1,6,0.32771527656986565,0,False,0.384700346799453,HYBRID_OPEN_SYNTHETIC
Royal Alexandra Hospital,Edmonton,Edmonton,2026-05-31 12:00:00,16.5,20.6,4,0.26656681354704637,1,False,0.2732983847414662,HYBRID_OPEN_SYNTHETIC
Royal Alexandra Hospital,Edmonton,Edmonton,2026-05-31 13:00:00,24.9,29.9,7,0.3762658473658377,2,True,0.6466930465780432,HYBRID_OPEN_SYNTHETIC
Royal Alexandra Hospital,Edmonton,Edmonton,2026-05-31 14:00:00,23.8,26.7,7,0.599515771641139,0,False,0.5248305200743987,HYBRID_OPEN_SYNTHETIC
Royal Alexandra Hospital,Edmonton,Edmonton,2026-05-31 15:00:00,22.8,29.1,6,0.6825858494112471,3,True,0.7089050472939364,HYBRID_OPEN_SYNTHETIC
Royal Alexandra Hospital,Edmonton,Edmonton,2026-05-31 16:00:00,24.6,29.2,5,0.38986947025401525,1,True,0.5614543145889053,HYBRID_OPEN_SYNTHETIC
Royal Alexandra Hospital,Edmonton,Edmonton,2026-05-31 17:00:00,27.8,27.8,4,0.3539935271997142,0,False,0.3038977345199,HYBRID_OPEN_SYNTHETIC
Royal Alexandra Hospital,Edmonton,Edmonton,2026-05-31 18:00:00,23.0,25.3,5,0.3733395203769416,0,False,0.35566883213192957,HYBRID_OPEN_SYNTHETIC
Royal Alexandra Hospital,Edmonton,Edmonton,2026-05-31 19:00:00,26.6,30.9,4,0.42311236001528274,0,True,0.528089326005349,HYBRID_OPEN_SYNTHETIC
Royal Alexandra Hospital,Edmonton,Edmonton,2026-05-31 20:00:00,20.4,21.8,6,0.5217676258739545,0,False,0.4526186690558841,HYBRID_OPEN_SYNTHETIC
Royal Alexandra Hospital,Edmonton,Edmonton,2026-05-31 21:00:00,18.6,24.3,2,0.3487013142849953,0,False,0.21204545999974836,HYBRID_OPEN_SYNTHETIC
Royal Alexandra Hospital,Edmonton,Edmonton,2026-05-31 22:00:00,18.8,25.7,4,0.30121540349984194,1,False,0.2854253912249447,HYBRID_OPEN_SYNTHETIC
Royal Alexandra Hospital,Edmonton,Edmonton,2026-05-31 23:00:00,19.6,19.6,3,0.38608613384872725,0,False,0.2701301468470545,HYBRID_OPEN_SYNTHETIC
Royal Alexandra Hospital,Edmonton,Edmonton,2026-06-01 00:00:00,16.2,16.6,8,0.6011277241192281,1,False,0.5703947034417298,HYBRID_OPEN_SYNTHETIC
Royal Alexandra Hospital,Edmonton,Edmonton,2026-06-01 01:00:00,14.9,14.9,5,0.2724553815072676,1,False,0.3203593835275437,HYBRID_OPEN_SYNTHETIC
Royal Alexandra Hospital,Edmonton,Edmonton,2026-06-01 02:00:00,14.2,21.5,3,0.47883253542068693,0,False,0.30259138739724045,HYBRID_OPEN_SYNTHETIC
Royal Alexandra Hospital,Edmonton,Edmonton,2026-06-01 03:00:00,12.7,17.1,5,0.319154604923981,1,False,0.3367041117233933,HYBRID_OPEN_SYNTHETIC
Royal Alexandra Hospital,Edmonton,Edmonton,2026-06-01 04:00:00,10.8,14.6,4,0.21845528345881174,0,False,0.2564593492105841,HYBRID_OPEN_SYNTHETIC
Royal Alexandra Hospital,Edmonton,Edmonton,2026-06-01 05:00:00,8.8,13.0,4,0.23550404904632818,0,False,0.2624264171662149,HYBRID_OPEN_SYNTHETIC
Royal Alexandra Hospital,Edmonton,Edmonton,2026-06-01 06:00:00,12.6,17.5,5,0.8115393236993689,0,False,0.509038763294779,HYBRID_OPEN_SYNTHETIC
Royal Alexandra Hospital,Edmonton,Edmonton,2026-06-01 07:00:00,8.6,12.9,2,0.29973582843738644,0,False,0.19490753995308524,HYBRID_OPEN_SYNTHETIC
Royal Alexandra Hospital,Edmonton,Edmonton,2026-06-01 08:00:00,13.5,19.8,8,0.721964177562552,1,False,0.6126874621468932,HYBRID_OPEN_SYNTHETIC
Royal Alexandra Hospital,Edmonton,Edmonton,2026-06-01 09:00:00,11.5,16.0,5,0.28891583370466734,0,False,0.3261205417966336,HYBRID_OPEN_SYNTHETIC
Royal Alexandra Hospital,Edmonton,Edmonton,2026-06-01 10:00:00,16.1,19.4,4,0.5291648549010286,1,False,0.36520769921536,HYBRID_OPEN_SYNTHETIC
Royal Alexandra Hospital,Edmonton,Edmonton,2026-06-01 11:00:00,14.0,16.0,3,0.20615152679387141,0,False,0.20715303437785498,HYBRID_OPEN_SYNTHETIC
Royal Alexandra Hospital,Edmonton,Edmonton,2026-06-01 12:00:00,20.2,20.5,3,0.42377083269097027,0,False,0.2833197914418396,HYBRID_OPEN_SYNTHETIC
Royal Alexandra Hospital,Edmonton,Edmonton,2026-06-01 13:00:00,21.1,25.5,4,0.26914650463049156,0,False,0.27420127662067206,HYBRID_OPEN_SYNTHETIC
Royal Alexandra Hospital,Edmonton,Edmonton,2026-06-01 14:00:00,22.2,26.2,4,0.30616089364097804,0,False,0.28715631277434234,HYBRID_OPEN_SYNTHETIC
Royal Alexandra Hospital,Edmonton,Edmonton,2026-06-01 15:00:00,26.1,29.2,3,0.25283259509889355,0,False,0.22349140828461275,HYBRID_OPEN_SYNTHETIC
Royal Alexandra Hospital,Edmonton,Edmonton,2026-06-01 16:00:00,26.1,31.0,5,0.4290632160103588,0,False,0.37517212560362556,HYBRID_OPEN_SYNTHETIC
Royal Alexandra Hospital,Edmonton,Edmonton,2026-06-01 17:00:00,24.6,27.2,5,0.31593644809575183,0,False,0.33557775683351315,HYBRID_OPEN_SYNTHETIC
Royal Alexandra Hospital,Edmonton,Edmonton,2026-06-01 18:00:00,26.4,29.4,3,0.4562902155286316,0,False,0.29470157543502107,HYBRID_OPEN_SYNTHETIC
Royal Alexandra Hospital,Edmonton,Edmonton,2026-06-01 19:00:00,25.7,33.1,5,0.39498128477510985,0,False,0.3632434496712884,HYBRID_OPEN_SYNTHETIC
Royal Alexandra Hospital,Edmonton,Edmonton,2026-06-01 20:00:00,24.0,25.4,5,0.3354158706972079,1,False,0.3423955547440228,HYBRID_OPEN_SYNTHETIC
Royal Alexandra Hospital,Edmonton,Edmonton,2026-06-01 21:00:00,22.1,24.9,3,0.28509254403393747,2,False,0.23478239041187812,HYBRID_OPEN_SYNTHETIC
Royal Alexandra Hospital,Edmonton,Edmonton,2026-06-01 22:00:00,23.1,24.7,5,0.3514547077772512,0,False,0.3480091477220379,HYBRID_OPEN_SYNTHETIC
Royal Alexandra Hospital,Edmonton,Edmonton,2026-06-01 23:00:00,18.7,25.1,8,0.6494349163340938,0,False,0.5873022207169328,HYBRID_OPEN_SYNTHETIC
Royal Alexandra Hospital,Edmonton,Edmonton,2026-06-02 00:00:00,14.5,16.2,7,0.6006312266884679,0,False,0.5252209293409638,HYBRID_OPEN_SYNTHETIC
Royal Alexandra Hospital,Edmonton,Edmonton,2026-06-02 01:00:00,13.4,17.9,3,0.26973784727689587,0,False,0.22940824654691355,HYBRID_OPEN_SYNTHETIC
Royal Alexandra Hospital,Edmonton,Edmonton,2026-06-02 02:00:00,15.7,19.9,1,0.21004936356717405,0,False,0.11851727724851091,HYBRID_OPEN_SYNTHETIC
Royal Alexandra Hospital,Edmonton,Edmonton,2026-06-02 03:00:00,9.0,15.4,3,0.3326698677960014,0,False,0.2514344537286005,HYBRID_OPEN_SYNTHETIC
Royal Alexandra Hospital,Edmonton,Edmonton,2026-06-02 04:00:00,10.4,12.0,4,0.30530707802260115,0,False,0.28685747730791045,HYBRID_OPEN_SYNTHETIC
Royal Alexandra Hospital,Edmonton,Edmonton,2026-06-02 05:00:00,13.7,19.7,4,0.3333621160648787,0,False,0.29667674062270755,HYBRID_OPEN_SYNTHETIC
Royal Alexandra Hospital,Edmonton,Edmonton,2026-06-02 06:00:00,11.8,14.6,5,0.3298249863956158,0,False,0.3404387452384655,HYBRID_OPEN_SYNTHETIC
Royal Alexandra Hospital,Edmonton,Edmonton,2026-06-02 07:00:00,13.8,18.5,4,0.19365003658424512,0,False,0.2477775128044858,HYBRID_OPEN_SYNTHETIC
Royal Alexandra Hospital,Edmonton,Edmonton,2026-06-02 08:00:00,14.8,19.4,5,0.479318427707293,0,False,0.39276144969755256,HYBRID_OPEN_SYNTHETIC
Royal Alexandra Hospital,Edmonton,Edmonton,2026-06-02 09:00:00,14.5,19.0,4,0.2526040107052362,1,False,0.2684114037468327,HYBRID_OPEN_SYNTHETIC
Royal Alexandra Hospital,Edmonton,Edmonton,2026-06-02 10:00:00,15.2,22.3,2,0.24211456094437778,1,False,0.17474009633053222,HYBRID_OPEN_SYNTHETIC
Royal Alexandra Hospital,Edmonton,Edmonton,2026-06-02 11:00:00,16.6,19.2,5,0.22583934616993334,0,False,0.3040437711594767,HYBRID_OPEN_SYNTHETIC
Royal Alexandra Hospital,Edmonton,Edmonton,2026-06-02 12:00:00,20.2,21.7,5,0.3260597183290034,0,False,0.33912090141515117,HYBRID_OPEN_SYNTHETIC
Royal Alexandra Hospital,Edmonton,Edmonton,2026-06-02 13:00:00,18.4,22.6,7,0.5472904886505879,0,False,0.5065516710277058,HYBRID_OPEN_SYNTHETIC
Royal Alexandra Hospital,Edmonton,Edmonton,2026-06-02 14:00:00,24.1,28.8,2,0.31815008536409495,0,False,0.20135252987743324,HYBRID_OPEN_SYNTHETIC
Royal Alexandra Hospital,Edmonton,Edmonton,2026-06-02 15:00:00,25.1,30.2,3,0.2112158582905549,0,False,0.20892555040169422,HYBRID_OPEN_SYNTHETIC
Royal Alexandra Hospital,Edmonton,Edmonton,2026-06-02 16:00:00,23.7,26.1,6,0.3478092302802541,0,False,0.39173323059808896,HYBRID_OPEN_SYNTHETIC
Royal Alexandra Hospital,Edmonton,Edmonton,2026-06-02 17:00:00,24.4,26.8,5,0.4871158474178473,0,False,0.39549054659624655,HYBRID_OPEN_SYNTHETIC
Royal Alexandra Hospital,Edmonton,Edmonton,2026-06-02 18:00:00,23.2,28.6,8,0.8896805093248266,1,False,0.6713881782636892,HYBRID_OPEN_SYNTHETIC
Royal Alexandra Hospital,Edmonton,Edmonton,2026-06-02 19:00:00,23.1,24.2,9,0.5924693740212368,1,False,0.6123642809074329,HYBRID_OPEN_SYNTHETIC
Royal Alexandra Hospital,Edmonton,Edmonton,2026-06-02 20:00:00,17.0,19.5,7,0.6831967877392782,1,False,0.5541188757087474,HYBRID_OPEN_SYNTHETIC
Royal Alexandra Hospital,Edmonton,Edmonton,2026-06-02 21:00:00,21.6,26.1,6,0.4781481682510529,0,False,0.43735185888786854,HYBRID_OPEN_SYNTHETIC
Royal Alexandra Hospital,Edmonton,Edmonton,2026-06-02 22:00:00,21.3,24.7,5,0.3054992528855017,1,False,0.3319247385099256,HYBRID_OPEN_SYNTHETIC
Royal Alexandra Hospital,Edmonton,Edmonton,2026-06-02 23:00:00,17.6,22.8,6,0.5856020263766497,0,False,0.4749607092318274,HYBRID_OPEN_SYNTHETIC
Royal Alexandra Hospital,Edmonton,Edmonton,2026-06-03 00:00:00,15.7,19.9,2,0.2641091249649198,0,False,0.1824381937377219,HYBRID_OPEN_SYNTHETIC
Royal Alexandra Hospital,Edmonton,Edmonton,2026-06-03 01:00:00,12.7,16.0,3,0.267756749721162,0,False,0.22871486240240668,HYBRID_OPEN_SYNTHETIC
Royal Alexandra Hospital,Edmonton,Edmonton,2026-06-03 02:00:00,14.9,17.6,7,0.6061414602038644,0,False,0.5271495110713526,HYBRID_OPEN_SYNTHETIC
Royal Alexandra Hospital,Edmonton,Edmonton,2026-06-03 03:00:00,12.5,16.7,8,0.3741150681806612,1,False,0.49094027386323147,HYBRID_OPEN_SYNTHETIC
Royal Alexandra Hospital,Edmonton,Edmonton,2026-06-03 04:00:00,12.1,16.6,3,0.35105607497372904,1,False,0.25786962624080517,HYBRID_OPEN_SYNTHETIC
Royal Alexandra Hospital,Edmonton,Edmonton,2026-06-03 05:00:00,12.8,16.1,7,0.20264316246025252,2,False,0.3859251068610884,HYBRID_OPEN_SYNTHETIC
Royal Alexandra Hospital,Edmonton,Edmonton,2026-06-03 06:00:00,11.4,13.8,7,0.642645887605739,1,False,0.5399260606620087,HYBRID_OPEN_SYNTHETIC
Royal Alexandra Hospital,Edmonton,Edmonton,2026-06-03 07:00:00,9.8,15.5,4,0.2093606354394433,0,False,0.2532762224038052,HYBRID_OPEN_SYNTHETIC
Royal Alexandra Hospital,Edmonton,Edmonton,2026-06-03 08:00:00,17.3,23.7,3,0.2613808528699484,0,False,0.22648329850448196,HYBRID_OPEN_SYNTHETIC
Royal Alexandra Hospital,Edmonton,Edmonton,2026-06-03 09:00:00,14.7,19.8,9,0.7624636943009133,1,False,0.6718622930053197,HYBRID_OPEN_SYNTHETIC
Royal Alexandra Hospital,Edmonton,Edmonton,2026-06-03 10:00:00,14.8,15.5,3,0.22343160492842126,1,False,0.21320106172494746,HYBRID_OPEN_SYNTHETIC
Royal Alexandra Hospital,Edmonton,Edmonton,2026-06-03 11:00:00,18.1,19.8,4,0.26142681682222435,0,False,0.27149938588777855,HYBRID_OPEN_SYNTHETIC
Royal Alexandra Hospital,Edmonton,Edmonton,2026-06-03 12:00:00,21.3,27.1,4,0.27508588235680737,0,False,0.2762800588248826,HYBRID_OPEN_SYNTHETIC
Royal Alexandra Hospital,Edmonton,Edmonton,2026-06-03 13:00:00,22.1,29.7,5,0.27366293216983456,0,True,0.520782026259442,HYBRID_OPEN_SYNTHETIC
Royal Alexandra Hospital,Edmonton,Edmonton,2026-06-03 14:00:00,23.1,26.3,3,0.2663346619573256,1,False,0.22821713168506397,HYBRID_OPEN_SYNTHETIC
Royal Alexandra Hospital,Edmonton,Edmonton,2026-06-03 15:00:00,25.6,30.1,7,0.5603425836612366,0,False,0.5111199042814327,HYBRID_OPEN_SYNTHETIC
Royal Alexandra Hospital,Edmonton,Edmonton,2026-06-03 16:00:00,24.9,26.9,5,0.6337946685145006,0,False,0.4468281339800752,HYBRID_OPEN_SYNTHETIC
Royal Alexandra Hospital,Edmonton,Edmonton,2026-06-03 17:00:00,22.9,29.2,3,0.29847961779369425,0,False,0.23946786622779298,HYBRID_OPEN_SYNTHETIC
Royal Alexandra Hospital,Edmonton,Edmonton,2026-06-03 18:00:00,22.2,25.2,2,0.28865913842448615,0,False,0.19103069844857015,HYBRID_OPEN_SYNTHETIC
Royal Alexandra Hospital,Edmonton,Edmonton,2026-06-03 19:00:00,24.2,28.2,5,0.19448374370961716,0,False,0.293069310298366,HYBRID_OPEN_SYNTHETIC
Royal Alexandra Hospital,Edmonton,Edmonton,2026-06-03 20:00:00,20.4,23.7,4,0.36946795277205735,0,False,0.3093137834702201,HYBRID_OPEN_SYNTHETIC
Royal Alexandra Hospital,Edmonton,Edmonton,2026-06-03 21:00:00,20.4,24.5,3,0.24286177786196989,0,False,0.22000162225168945,HYBRID_OPEN_SYNTHETIC
Royal Alexandra Hospital,Edmonton,Edmonton,2026-06-03 22:00:00,17.1,20.4,5,0.3925737434082396,0,False,0.36240081019288384,HYBRID_OPEN_SYNTHETIC
Royal Alexandra Hospital,Edmonton,Edmonton,2026-06-03 23:00:00,17.5,20.5,4,0.40139956724084097,1,False,0.32048984853429435,HYBRID_OPEN_SYNTHETIC
Royal Alexandra Hospital,Edmonton,Edmonton,2026-06-04 00:00:00,13.7,18.1,4,0.2508344518296499,0,False,0.2677920581403775,HYBRID_OPEN_SYNTHETIC
Royal Alexandra Hospital,Edmonton,Edmonton,2026-06-04 01:00:00,13.6,14.6,4,0.25677110259244107,0,False,0.2698698859073544,HYBRID_OPEN_SYNTHETIC
Royal Alexandra Hospital,Edmonton,Edmonton,2026-06-04 02:00:00,7.6,12.1,6,0.3156398751778752,0,False,0.38047395631225633,HYBRID_OPEN_SYNTHETIC
Royal Alexandra Hospital,Edmonton,Edmonton,2026-06-04 03:00:00,10.8,15.4,3,0.20590386086094692,0,False,0.20706635130133144,HYBRID_OPEN_SYNTHETIC
Royal Alexandra Hospital,Edmonton,Edmonton,2026-06-04 04:00:00,13.0,14.5,3,0.23366390363835593,0,False,0.21678236627342456,HYBRID_OPEN_SYNTHETIC
Royal Alexandra Hospital,Edmonton,Edmonton,2026-06-04 05:00:00,10.9,12.5,3,0.2100795251869746,1,False,0.2085278338154411,HYBRID_OPEN_SYNTHETIC
Royal Alexandra Hospital,Edmonton,Edmonton,2026-06-04 06:00:00,8.9,12.5,5,0.3249086515213452,0,False,0.3387180280324708,HYBRID_OPEN_SYNTHETIC
Royal Alexandra Hospital,Edmonton,Edmonton,2026-06-04 07:00:00,15.2,16.7,6,0.5077240480882649,0,False,0.4477034168308927,HYBRID_OPEN_SYNTHETIC
Royal Alexandra Hospital,Edmonton,Edmonton,2026-06-04 08:00:00,14.8,18.3,3,0.274541091876594,0,False,0.2310893821568079,HYBRID_OPEN_SYNTHETIC
Foothills Medical Centre,Calgary,Calgary,2026-05-31 09:00:00,12.6,16.6,4,0.21047256257367516,0,False,0.2536653969007863,HYBRID_OPEN_SYNTHETIC
Foothills Medical Centre,Calgary,Calgary,2026-05-31 10:00:00,12.0,12.0,2,0.14486620945985113,1,False,0.1407031733109479,HYBRID_OPEN_SYNTHETIC
Foothills Medical Centre,Calgary,Calgary,2026-05-31 11:00:00,19.0,24.0,3,0.17931278576721604,0,False,0.19775947501852562,HYBRID_OPEN_SYNTHETIC
Foothills Medical Centre,Calgary,Calgary,2026-05-31 12:00:00,19.9,23.1,6,0.30965841664937815,0,False,0.37838044582728236,HYBRID_OPEN_SYNTHETIC
Foothills Medical Centre,Calgary,Calgary,2026-05-31 13:00:00,19.5,25.9,5,0.33128448534395083,0,False,0.3409495698703828,HYBRID_OPEN_SYNTHETIC
Foothills Medical Centre,Calgary,Calgary,2026-05-31 14:00:00,23.6,28.7,4,0.2823817189294164,0,False,0.27883360162529575,HYBRID_OPEN_SYNTHETIC
Foothills Medical Centre,Calgary,Calgary,2026-05-31 15:00:00,21.6,23.1,3,0.46284947051308245,0,False,0.29699731467957885,HYBRID_OPEN_SYNTHETIC
Foothills Medical Centre,Calgary,Calgary,2026-05-31 16:00:00,23.3,28.4,3,0.13403659461454062,0,False,0.18191280811508923,HYBRID_OPEN_SYNTHETIC
Foothills Medical Centre,Calgary,Calgary,2026-05-31 17:00:00,22.0,27.8,4,0.2753769777426508,1,False,0.2763819422099278,HYBRID_OPEN_SYNTHETIC
Foothills Medical Centre,Calgary,Calgary,2026-05-31 18:00:00,23.8,29.5,5,0.25612377375330797,2,True,0.5146433208136578,HYBRID_OPEN_SYNTHETIC
Foothills Medical Centre,Calgary,Calgary,2026-05-31 19:00:00,24.4,31.8,4,0.13615918197342514,0,False,0.2276557136906988,HYBRID_OPEN_SYNTHETIC
Foothills Medical Centre,Calgary,Calgary,2026-05-31 20:00:00,21.1,23.5,8,0.6391308153919919,0,False,0.5836957853871971,HYBRID_OPEN_SYNTHETIC
Foothills Medical Centre,Calgary,Calgary,2026-05-31 21:00:00,22.1,25.6,4,0.27810134620447524,0,False,0.2773354711715663,HYBRID_OPEN_SYNTHETIC
Foothills Medical Centre,Calgary,Calgary,2026-05-31 22:00:00,19.5,19.5,5,0.30149062208031663,1,False,0.3305217177281108,HYBRID_OPEN_SYNTHETIC
Foothills Medical Centre,Calgary,Calgary,2026-05-31 23:00:00,19.0,21.5,2,0.1658487456953084,2,False,0.14804706099335796,HYBRID_OPEN_SYNTHETIC
Foothills Medical Centre,Calgary,Calgary,2026-06-01 00:00:00,16.2,21.6,4,0.49857374492143386,0,False,0.35450081072250184,HYBRID_OPEN_SYNTHETIC
Foothills Medical Centre,Calgary,Calgary,2026-06-01 01:00:00,11.1,11.1,6,0.4948033076151364,0,False,0.44318115766529775,HYBRID_OPEN_SYNTHETIC
Foothills Medical Centre,Calgary,Calgary,2026-06-01 02:00:00,12.0,15.7,2,0.1994674664541459,0,False,0.15981361325895108,HYBRID_OPEN_SYNTHETIC
Foothills Medical Centre,Calgary,Calgary,2026-06-01 03:00:00,13.2,16.2,6,0.3411657494562461,0,False,0.38940801230968614,HYBRID_OPEN_SYNTHETIC
Foothills Medical Centre,Calgary,Calgary,2026-06-01 04:00:00,10.9,11.9,4,0.2668385227366634,1,False,0.2733934829578322,HYBRID_OPEN_SYNTHETIC
Foothills Medical Centre,Calgary,Calgary,2026-06-01 05:00:00,14.2,16.6,5,0.5060786317675405,0,False,0.40212752111863914,HYBRID_OPEN_SYNTHETIC
Foothills Medical Centre,Calgary,Calgary,2026-06-01 06:00:00,10.7,13.7,2,0.25567052578837324,0,False,0.17948468402593065,HYBRID_OPEN_SYNTHETIC
Foothills Medical Centre,Calgary,Calgary,2026-06-01 07:00:00,9.2,9.2,3,0.16411356930402055,0,False,0.1924397492564072,HYBRID_OPEN_SYNTHETIC
Foothills Medical Centre,Calgary,Calgary,2026-06-01 08:00:00,9.4,14.6,5,0.2185286257362879,0,False,0.30148501900770075,HYBRID_OPEN_SYNTHETIC
Foothills Medical Centre,Calgary,Calgary,2026-06-01 09:00:00,11.1,16.5,8,0.5723850799797152,0,False,0.5603347779929003,HYBRID_OPEN_SYNTHETIC
Foothills Medical Centre,Calgary,Calgary,2026-06-01 10:00:00,15.2,22.1,4,0.17923512865748067,0,False,0.24273229503011826,HYBRID_OPEN_SYNTHETIC
Foothills Medical Centre,Calgary,Calgary,2026-06-01 11:00:00,17.4,20.0,4,0.16632521227857644,0,False,0.23821382429750176,HYBRID_OPEN_SYNTHETIC
Foothills Medical Centre,Calgary,Calgary,2026-06-01 12:00:00,19.5,24.6,5,0.436725013337943,0,False,0.3778537546682801,HYBRID_OPEN_SYNTHETIC
Foothills Medical Centre,Calgary,Calgary,2026-06-01 13:00:00,23.7,25.8,4,0.2329842416699705,1,False,0.2615444845844897,HYBRID_OPEN_SYNTHETIC
Foothills Medical Centre,Calgary,Calgary,2026-06-01 14:00:00,20.6,20.9,3,0.38961645782680987,0,False,0.2713657602393834,HYBRID_OPEN_SYNTHETIC
Foothills Medical Centre,Calgary,Calgary,2026-06-01 15:00:00,24.6,27.5,5,0.3458511505532388,0,False,0.34604790269363356,HYBRID_OPEN_SYNTHETIC
Foothills Medical Centre,Calgary,Calgary,2026-06-01 16:00:00,21.6,30.1,3,0.1912842407584786,1,True,0.4019494842654675,HYBRID_OPEN_SYNTHETIC
Foothills Medical Centre,Calgary,Calgary,2026-06-01 17:00:00,22.5,28.5,1,0.12286003358214197,0,False,0.08800101175374969,HYBRID_OPEN_SYNTHETIC
Foothills Medical Centre,Calgary,Calgary,2026-06-01 18:00:00,24.3,27.0,2,0.1614765090716584,0,False,0.14651677817508044,HYBRID_OPEN_SYNTHETIC
Foothills Medical Centre,Calgary,Calgary,2026-06-01 19:00:00,24.2,24.9,4,0.24916044985828287,1,False,0.267206157450399,HYBRID_OPEN_SYNTHETIC
Foothills Medical Centre,Calgary,Calgary,2026-06-01 20:00:00,23.9,30.5,3,0.1624045880001391,1,False,0.1918416058000487,HYBRID_OPEN_SYNTHETIC
Foothills Medical Centre,Calgary,Calgary,2026-06-01 21:00:00,21.8,23.0,4,0.23880644522736033,0,False,0.2635822558295761,HYBRID_OPEN_SYNTHETIC
Foothills Medical Centre,Calgary,Calgary,2026-06-01 22:00:00,20.4,24.1,1,0.2690997578408737,0,False,0.1391849152443058,HYBRID_OPEN_SYNTHETIC
Foothills Medical Centre,Calgary,Calgary,2026-06-01 23:00:00,19.6,21.9,3,0.3327323287241545,0,False,0.25145631505345406,HYBRID_OPEN_SYNTHETIC
Foothills Medical Centre,Calgary,Calgary,2026-06-02 00:00:00,17.0,22.3,2,0.18337326516214836,0,False,0.15418064280675192,HYBRID_OPEN_SYNTHETIC
Foothills Medical Centre,Calgary,Calgary,2026-06-02 01:00:00,13.5,16.3,3,0.2821690400354077,0,False,0.23375916401239272,HYBRID_OPEN_SYNTHETIC
Foothills Medical Centre,Calgary,Calgary,2026-06-02 02:00:00,8.8,10.8,3,0.4077426936420622,1,False,0.2777099427747218,HYBRID_OPEN_SYNTHETIC
Foothills Medical Centre,Calgary,Calgary,2026-06-02 03:00:00,15.9,19.2,4,0.12654221433419754,0,False,0.22428977501696917,HYBRID_OPEN_SYNTHETIC
Foothills Medical Centre,Calgary,Calgary,2026-06-02 04:00:00,13.9,18.1,3,0.17881854782729734,1,False,0.19758649173955406,HYBRID_OPEN_SYNTHETIC
Foothills Medical Centre,Calgary,Calgary,2026-06-02 05:00:00,15.0,15.2,4,0.3526873600635418,0,False,0.3034405760222396,HYBRID_OPEN_SYNTHETIC
Foothills Medical Centre,Calgary,Calgary,2026-06-02 06:00:00,10.9,13.0,3,0.24254626422506997,0,False,0.21989119247877448,HYBRID_OPEN_SYNTHETIC
Foothills Medical Centre,Calgary,Calgary,2026-06-02 07:00:00,9.5,10.5,6,0.4361872230093758,0,False,0.4226655280532815,HYBRID_OPEN_SYNTHETIC
Foothills Medical Centre,Calgary,Calgary,2026-06-02 08:00:00,9.4,14.0,4,0.12680019916292296,0,False,0.22438006970702307,HYBRID_OPEN_SYNTHETIC
Foothills Medical Centre,Calgary,Calgary,2026-06-02 09:00:00,18.6,25.3,5,0.2676069657809971,0,False,0.318662438023349,HYBRID_OPEN_SYNTHETIC
Foothills Medical Centre,Calgary,Calgary,2026-06-02 10:00:00,16.8,18.1,4,0.3240486150802021,0,False,0.29341701527807074,HYBRID_OPEN_SYNTHETIC
Foothills Medical Centre,Calgary,Calgary,2026-06-02 11:00:00,18.9,20.8,5,0.38262432157118514,0,False,0.3589185125499148,HYBRID_OPEN_SYNTHETIC
Foothills Medical Centre,Calgary,Calgary,2026-06-02 12:00:00,19.8,27.8,6,0.49409746991971526,0,False,0.44293411447190034,HYBRID_OPEN_SYNTHETIC
Foothills Medical Centre,Calgary,Calgary,2026-06-02 13:00:00,22.3,28.1,5,0.3194778448734014,0,False,0.3368172457056905,HYBRID_OPEN_SYNTHETIC
Foothills Medical Centre,Calgary,Calgary,2026-06-02 14:00:00,23.9,28.5,5,0.5506967108730357,0,False,0.4177438488055625,HYBRID_OPEN_SYNTHETIC
Foothills Medical Centre,Calgary,Calgary,2026-06-02 15:00:00,19.4,21.9,3,0.2266471648582606,0,False,0.21432650770039122,HYBRID_OPEN_SYNTHETIC
Foothills Medical Centre,Calgary,Calgary,2026-06-02 16:00:00,24.8,26.7,2,0.20141826812806934,0,False,0.16049639384482428,HYBRID_OPEN_SYNTHETIC
Foothills Medical Centre,Calgary,Calgary,2026-06-02 17:00:00,25.3,27.9,3,0.3345679229652325,1,False,0.2520987730378314,HYBRID_OPEN_SYNTHETIC
Foothills Medical Centre,Calgary,Calgary,2026-06-02 18:00:00,28.0,34.5,3,0.25622389144509883,0,False,0.2246783620057846,HYBRID_OPEN_SYNTHETIC
Foothills Medical Centre,Calgary,Calgary,2026-06-02 19:00:00,27.3,28.3,5,0.4508094743894749,0,False,0.3827833160363162,HYBRID_OPEN_SYNTHETIC
Foothills Medical Centre,Calgary,Calgary,2026-06-02 20:00:00,20.7,23.6,7,0.3625662190254155,1,False,0.4418981766588954,HYBRID_OPEN_SYNTHETIC
Foothills Medical Centre,Calgary,Calgary,2026-06-02 21:00:00,18.6,18.6,5,0.5975278930266883,0,False,0.4341347625593409,HYBRID_OPEN_SYNTHETIC
Foothills Medical Centre,Calgary,Calgary,2026-06-02 22:00:00,17.9,19.5,6,0.5055170810301901,0,False,0.44693097836056656,HYBRID_OPEN_SYNTHETIC
Foothills Medical Centre,Calgary,Calgary,2026-06-02 23:00:00,15.7,19.1,5,0.4119587790793723,0,False,0.3691855726777803,HYBRID_OPEN_SYNTHETIC
Foothills Medical Centre,Calgary,Calgary,2026-06-03 00:00:00,17.7,18.9,3,0.29928517279188704,0,False,0.23974981047716049,HYBRID_OPEN_SYNTHETIC
Foothills Medical Centre,Calgary,Calgary,2026-06-03 01:00:00,17.5,19.8,3,0.20182376986985795,0,False,0.20563831945445027,HYBRID_OPEN_SYNTHETIC
Foothills Medical Centre,Calgary,Calgary,2026-06-03 02:00:00,9.1,11.2,4,0.35660333871295546,0,False,0.30481116854953444,HYBRID_OPEN_SYNTHETIC
Foothills Medical Centre,Calgary,Calgary,2026-06-03 03:00:00,16.1,18.1,4,0.3065168150129689,0,False,0.2872808852545391,HYBRID_OPEN_SYNTHETIC
Foothills Medical Centre,Calgary,Calgary,2026-06-03 04:00:00,10.9,16.6,3,0.24161151225863295,0,False,0.21956402929052155,HYBRID_OPEN_SYNTHETIC
Foothills Medical Centre,Calgary,Calgary,2026-06-03 05:00:00,11.8,15.5,5,0.33914367825547787,1,False,0.34370028738941727,HYBRID_OPEN_SYNTHETIC
Foothills Medical Centre,Calgary,Calgary,2026-06-03 06:00:00,14.7,17.0,6,0.403028572035548,0,False,0.4110600002124418,HYBRID_OPEN_SYNTHETIC
Foothills Medical Centre,Calgary,Calgary,2026-06-03 07:00:00,10.7,13.6,7,0.6526355976845862,0,False,0.5434224591896052,HYBRID_OPEN_SYNTHETIC
Foothills Medical Centre,Calgary,Calgary,2026-06-03 08:00:00,13.1,13.1,4,0.5399828173161706,0,False,0.3689939860606597,HYBRID_OPEN_SYNTHETIC
Foothills Medical Centre,Calgary,Calgary,2026-06-03 09:00:00,17.2,21.9,4,0.572153344440474,0,False,0.3802536705541659,HYBRID_OPEN_SYNTHETIC
Foothills Medical Centre,Calgary,Calgary,2026-06-03 10:00:00,15.7,19.3,4,0.32540537001877556,1,False,0.2938918795065715,HYBRID_OPEN_SYNTHETIC
Foothills Medical Centre,Calgary,Calgary,2026-06-03 11:00:00,18.3,21.2,3,0.28345374217631114,0,False,0.2342088097617089,HYBRID_OPEN_SYNTHETIC
Foothills Medical Centre,Calgary,Calgary,2026-06-03 12:00:00,17.2,19.0,5,0.2376757023866833,0,False,0.3081864958353392,HYBRID_OPEN_SYNTHETIC
Foothills Medical Centre,Calgary,Calgary,2026-06-03 13:00:00,21.1,23.1,8,0.6808943399828525,0,False,0.5983130189939985,HYBRID_OPEN_SYNTHETIC
Foothills Medical Centre,Calgary,Calgary,2026-06-03 14:00:00,22.0,27.4,1,0.20312614007098728,0,False,0.11609414902484555,HYBRID_OPEN_SYNTHETIC
Foothills Medical Centre,Calgary,Calgary,2026-06-03 15:00:00,21.1,25.3,6,0.5148059162077419,0,False,0.45018207067270966,HYBRID_OPEN_SYNTHETIC
Foothills Medical Centre,Calgary,Calgary,2026-06-03 16:00:00,28.1,30.2,2,0.14984591191447744,0,False,0.1424460691700671,HYBRID_OPEN_SYNTHETIC
Foothills Medical Centre,Calgary,Calgary,2026-06-03 17:00:00,25.1,28.1,3,0.24117549905646868,0,False,0.21941142466976404,HYBRID_OPEN_SYNTHETIC
Foothills Medical Centre,Calgary,Calgary,2026-06-03 18:00:00,23.0,24.0,5,0.48505804630888255,1,False,0.3947703162081089,HYBRID_OPEN_SYNTHETIC
Foothills Medical Centre,Calgary,Calgary,2026-06-03 19:00:00,26.4,31.1,5,0.4118261479200787,0,False,0.36913915177202755,HYBRID_OPEN_SYNTHETIC
Foothills Medical Centre,Calgary,Calgary,2026-06-03 20:00:00,28.9,31.9,7,0.5561743560459445,2,False,0.5096610246160805,HYBRID_OPEN_SYNTHETIC
Foothills Medical Centre,Calgary,Calgary,2026-06-03 21:00:00,19.5,19.9,3,0.40244377705693446,0,False,0.27585532196992707,HYBRID_OPEN_SYNTHETIC
Foothills Medical Centre,Calgary,Calgary,2026-06-03 22:00:00,22.2,24.6,6,0.2918346921631739,1,False,0.3721421422571109,HYBRID_OPEN_SYNTHETIC
Foothills Medical Centre,Calgary,Calgary,2026-06-03 23:00:00,22.0,23.0,4,0.24399330023586835,0,False,0.2653976550825539,HYBRID_OPEN_SYNTHETIC
Foothills Medical Centre,Calgary,Calgary,2026-06-04 00:00:00,14.9,17.9,2,0.14617861223702147,1,False,0.1411625142829575,HYBRID_OPEN_SYNTHETIC
Foothills Medical Centre,Calgary,Calgary,2026-06-04 01:00:00,16.3,19.0,1,0.13082696316326883,0,False,0.0907894371071441,HYBRID_OPEN_SYNTHETIC
Foothills Medical Centre,Calgary,Calgary,2026-06-04 02:00:00,11.1,15.2,2,0.204103265000998,0,False,0.16143614275034932,HYBRID_OPEN_SYNTHETIC
Foothills Medical Centre,Calgary,Calgary,2026-06-04 03:00:00,9.7,13.1,6,0.45227092044648404,0,False,0.42829482215626946,HYBRID_OPEN_SYNTHETIC
Foothills Medical Centre,Calgary,Calgary,2026-06-04 04:00:00,11.9,16.7,4,0.19667029188715848,0,False,0.24883460216050549,HYBRID_OPEN_SYNTHETIC
Foothills Medical Centre,Calgary,Calgary,2026-06-04 05:00:00,13.8,20.3,2,0.25652003862734507,1,False,0.1797820135195708,HYBRID_OPEN_SYNTHETIC
Foothills Medical Centre,Calgary,Calgary,2026-06-04 06:00:00,7.6,9.7,4,0.14704998819937232,0,False,0.23146749586978033,HYBRID_OPEN_SYNTHETIC
Foothills Medical Centre,Calgary,Calgary,2026-06-04 07:00:00,13.7,18.1,3,0.14184004208186535,1,False,0.18464401472865288,HYBRID_OPEN_SYNTHETIC
Foothills Medical Centre,Calgary,Calgary,2026-06-04 08:00:00,11.6,17.9,3,0.29872796441863514,0,False,0.23955478754652232,HYBRID_OPEN_SYNTHETIC
Red Deer Regional Hospital Centre,Central,Red Deer,2026-05-31 09:00:00,11.3,11.3,6,0.30961891962510923,0,False,0.3783666218687882,HYBRID_OPEN_SYNTHETIC
Red Deer Regional Hospital Centre,Central,Red Deer,2026-05-31 10:00:00,15.9,19.0,4,0.5810702772757437,0,False,0.38337459704651033,HYBRID_OPEN_SYNTHETIC
Red Deer Regional Hospital Centre,Central,Red Deer,2026-05-31 11:00:00,16.0,16.0,7,0.5408928829842609,0,False,0.5043125090444913,HYBRID_OPEN_SYNTHETIC
Red Deer Regional Hospital Centre,Central,Red Deer,2026-05-31 12:00:00,20.5,24.7,9,0.6719406017349037,0,False,0.6401792106072163,HYBRID_OPEN_SYNTHETIC
Red Deer Regional Hospital Centre,Central,Red Deer,2026-05-31 13:00:00,19.5,23.5,6,0.4283835076474275,0,False,0.4199342276765996,HYBRID_OPEN_SYNTHETIC
Red Deer Regional Hospital Centre,Central,Red Deer,2026-05-31 14:00:00,20.5,23.4,4,0.22841968745628682,0,False,0.2599468906097004,HYBRID_OPEN_SYNTHETIC
Red Deer Regional Hospital Centre,Central,Red Deer,2026-05-31 15:00:00,24.8,29.7,6,0.4146308694322377,0,False,0.4151208043012832,HYBRID_OPEN_SYNTHETIC
Red Deer Regional Hospital Centre,Central,Red Deer,2026-05-31 16:00:00,25.0,25.4,4,0.45420978715050264,0,False,0.33897342550267595,HYBRID_OPEN_SYNTHETIC
Red Deer Regional Hospital Centre,Central,Red Deer,2026-05-31 17:00:00,25.2,30.5,5,0.530145007408799,0,False,0.4105507525930796,HYBRID_OPEN_SYNTHETIC
Red Deer Regional Hospital Centre,Central,Red Deer,2026-05-31 18:00:00,22.9,26.8,7,0.4472698362274919,1,False,0.47154444267962214,HYBRID_OPEN_SYNTHETIC
Red Deer Regional Hospital Centre,Central,Red Deer,2026-05-31 19:00:00,27.2,27.8,5,0.400803537536802,0,False,0.3652812381378807,HYBRID_OPEN_SYNTHETIC
Red Deer Regional Hospital Centre,Central,Red Deer,2026-05-31 20:00:00,24.2,28.8,4,0.24445795087194122,0,False,0.26556028280517946,HYBRID_OPEN_SYNTHETIC
Red Deer Regional Hospital Centre,Central,Red Deer,2026-05-31 21:00:00,22.6,28.1,6,0.3229688701643697,2,False,0.38303910455752943,HYBRID_OPEN_SYNTHETIC
Red Deer Regional Hospital Centre,Central,Red Deer,2026-05-31 22:00:00,17.2,21.9,3,0.33720557728803563,0,False,0.25302195205081246,HYBRID_OPEN_SYNTHETIC
Red Deer Regional Hospital Centre,Central,Red Deer,2026-05-31 23:00:00,15.8,17.2,2,0.2662585930462364,0,False,0.18319050756618274,HYBRID_OPEN_SYNTHETIC
Red Deer Regional Hospital Centre,Central,Red Deer,2026-06-01 00:00:00,20.7,23.1,4,0.2886495774465153,0,False,0.2810273521062804,HYBRID_OPEN_SYNTHETIC
Red Deer Regional Hospital Centre,Central,Red Deer,2026-06-01 01:00:00,16.4,20.3,3,0.20076244931035564,0,False,0.20526685725862448,HYBRID_OPEN_SYNTHETIC
Red Deer Regional Hospital Centre,Central,Red Deer,2026-06-01 02:00:00,15.2,18.0,4,0.2811970969670388,0,False,0.2784189839384636,HYBRID_OPEN_SYNTHETIC
Red Deer Regional Hospital Centre,Central,Red Deer,2026-06-01 03:00:00,15.3,18.3,2,0.2780291654794013,1,False,0.18731020791779046,HYBRID_OPEN_SYNTHETIC
Red Deer Regional Hospital Centre,Central,Red Deer,2026-06-01 04:00:00,7.6,9.9,3,0.41342657320960574,0,False,0.279699300623362,HYBRID_OPEN_SYNTHETIC
Red Deer Regional Hospital Centre,Central,Red Deer,2026-06-01 05:00:00,10.7,14.3,2,0.19930566349683324,0,False,0.15975698222389162,HYBRID_OPEN_SYNTHETIC
Red Deer Regional Hospital Centre,Central,Red Deer,2026-06-01 06:00:00,11.2,16.5,3,0.5280803612924241,0,False,0.3198281264523484,HYBRID_OPEN_SYNTHETIC
Red Deer Regional Hospital Centre,Central,Red Deer,2026-06-01 07:00:00,11.2,11.2,4,0.23393595809172046,0,False,0.26187758533210215,HYBRID_OPEN_SYNTHETIC
Red Deer Regional Hospital Centre,Central,Red Deer,2026-06-01 08:00:00,14.6,18.7,2,0.2145626862704347,0,False,0.16509694019465215,HYBRID_OPEN_SYNTHETIC
Red Deer Regional Hospital Centre,Central,Red Deer,2026-06-01 09:00:00,15.9,18.5,6,0.5651857249189066,0,False,0.46781500372161733,HYBRID_OPEN_SYNTHETIC
Red Deer Regional Hospital Centre,Central,Red Deer,2026-06-01 10:00:00,14.8,20.1,4,0.31833480154088634,0,False,0.2914171805393102,HYBRID_OPEN_SYNTHETIC
Red Deer Regional Hospital Centre,Central,Red Deer,2026-06-01 11:00:00,15.0,20.1,6,0.29288191118480655,0,False,0.3725086689146823,HYBRID_OPEN_SYNTHETIC
Red Deer Regional Hospital Centre,Central,Red Deer,2026-06-01 12:00:00,17.3,18.4,7,0.6621307653968096,0,False,0.5467457678888834,HYBRID_OPEN_SYNTHETIC
Red Deer Regional Hospital Centre,Central,Red Deer,2026-06-01 13:00:00,23.7,28.7,4,0.19303254079925855,0,False,0.24756138927974053,HYBRID_OPEN_SYNTHETIC
Red Deer Regional Hospital Centre,Central,Red Deer,2026-06-01 14:00:00,25.3,27.5,5,0.29776464314899576,0,False,0.3292176251021485,HYBRID_OPEN_SYNTHETIC
Red Deer Regional Hospital Centre,Central,Red Deer,2026-06-01 15:00:00,23.9,27.6,2,0.39606564203683403,0,False,0.2286229747128919,HYBRID_OPEN_SYNTHETIC
Red Deer Regional Hospital Centre,Central,Red Deer,2026-06-01 16:00:00,21.0,25.3,4,0.2598730182944199,1,False,0.27095555640304697,HYBRID_OPEN_SYNTHETIC
Red Deer Regional Hospital Centre,Central,Red Deer,2026-06-01 17:00:00,25.7,30.3,4,0.420098543497885,0,False,0.3270344902242598,HYBRID_OPEN_SYNTHETIC
Red Deer Regional Hospital Centre,Central,Red Deer,2026-06-01 18:00:00,21.9,25.6,5,0.40724751260993797,0,False,0.3675366294134783,HYBRID_OPEN_SYNTHETIC
Red Deer Regional Hospital Centre,Central,Red Deer,2026-06-01 19:00:00,26.4,33.2,6,0.35844097683087717,1,False,0.395454341890807,HYBRID_OPEN_SYNTHETIC
Red Deer Regional Hospital Centre,Central,Red Deer,2026-06-01 20:00:00,29.0,33.9,4,0.4300659049968738,0,False,0.33052306674890586,HYBRID_OPEN_SYNTHETIC
Red Deer Regional Hospital Centre,Central,Red Deer,2026-06-01 21:00:00,16.9,20.6,5,0.48827361288821947,0,False,0.3958957645108768,HYBRID_OPEN_SYNTHETIC
Red Deer Regional Hospital Centre,Central,Red Deer,2026-06-01 22:00:00,19.6,27.7,2,0.34679426717377737,0,False,0.2113779935108221,HYBRID_OPEN_SYNTHETIC
Red Deer Regional Hospital Centre,Central,Red Deer,2026-06-01 23:00:00,15.4,16.1,6,0.7460501052581696,0,False,0.5311175368403593,HYBRID_OPEN_SYNTHETIC
Red Deer Regional Hospital Centre,Central,Red Deer,2026-06-02 00:00:00,16.8,18.7,6,0.7064365209633938,0,False,0.5172527823371879,HYBRID_OPEN_SYNTHETIC
Red Deer Regional Hospital Centre,Central,Red Deer,2026-06-02 01:00:00,11.4,13.2,7,0.5658926265097275,1,False,0.5130624192784046,HYBRID_OPEN_SYNTHETIC
Red Deer Regional Hospital Centre,Central,Red Deer,2026-06-02 02:00:00,16.4,20.5,7,0.6364584064173759,0,False,0.5377604422460815,HYBRID_OPEN_SYNTHETIC
Red Deer Regional Hospital Centre,Central,Red Deer,2026-06-02 03:00:00,13.5,15.6,4,0.5705925941059122,0,False,0.37970740793706925,HYBRID_OPEN_SYNTHETIC
Red Deer Regional Hospital Centre,Central,Red Deer,2026-06-02 04:00:00,7.6,10.5,3,0.36205681334545137,0,False,0.261719884670908,HYBRID_OPEN_SYNTHETIC
Red Deer Regional Hospital Centre,Central,Red Deer,2026-06-02 05:00:00,13.4,15.7,3,0.20872544363535459,0,False,0.2080539052723741,HYBRID_OPEN_SYNTHETIC
Red Deer Regional Hospital Centre,Central,Red Deer,2026-06-02 06:00:00,12.2,13.2,4,0.256669592968351,0,False,0.2698343575389229,HYBRID_OPEN_SYNTHETIC
Red Deer Regional Hospital Centre,Central,Red Deer,2026-06-02 07:00:00,9.0,9.0,3,0.2935476017806225,0,False,0.2377416606232179,HYBRID_OPEN_SYNTHETIC
Red Deer Regional Hospital Centre,Central,Red Deer,2026-06-02 08:00:00,17.6,22.2,7,0.6476687026447969,1,False,0.5416840459256789,HYBRID_OPEN_SYNTHETIC
Red Deer Regional Hospital Centre,Central,Red Deer,2026-06-02 09:00:00,17.6,20.0,6,0.5054109336707248,0,False,0.44689382678475364,HYBRID_OPEN_SYNTHETIC
Red Deer Regional Hospital Centre,Central,Red Deer,2026-06-02 10:00:00,14.3,15.6,4,0.30769065192033107,0,False,0.28769172817211586,HYBRID_OPEN_SYNTHETIC
Red Deer Regional Hospital Centre,Central,Red Deer,2026-06-02 11:00:00,18.0,20.6,6,0.6508120454194337,0,False,0.4977842158968018,HYBRID_OPEN_SYNTHETIC
Red Deer Regional Hospital Centre,Central,Red Deer,2026-06-02 12:00:00,17.5,23.1,1,0.20971941388461976,0,False,0.11840179485961691,HYBRID_OPEN_SYNTHETIC
Red Deer Regional Hospital Centre,Central,Red Deer,2026-06-02 13:00:00,19.4,22.7,6,0.37888587792128214,0,False,0.40261005727244875,HYBRID_OPEN_SYNTHETIC
Red Deer Regional Hospital Centre,Central,Red Deer,2026-06-02 14:00:00,20.6,25.3,7,0.35594112135698297,0,False,0.43957939247494404,HYBRID_OPEN_SYNTHETIC
Red Deer Regional Hospital Centre,Central,Red Deer,2026-06-02 15:00:00,22.7,28.6,5,0.3450281602672479,0,False,0.34575985609353677,HYBRID_OPEN_SYNTHETIC
Red Deer Regional Hospital Centre,Central,Red Deer,2026-06-02 16:00:00,20.9,25.6,4,0.27936066939563553,0,False,0.2777762342884724,HYBRID_OPEN_SYNTHETIC
Red Deer Regional Hospital Centre,Central,Red Deer,2026-06-02 17:00:00,21.2,27.8,4,0.49248416175303156,1,False,0.35236945661356106,HYBRID_OPEN_SYNTHETIC
Red Deer Regional Hospital Centre,Central,Red Deer,2026-06-02 18:00:00,26.4,30.6,5,0.27594908087702597,2,True,0.5215821783069592,HYBRID_OPEN_SYNTHETIC
Red Deer Regional Hospital Centre,Central,Red Deer,2026-06-02 19:00:00,22.8,27.5,5,0.29574155110162365,0,False,0.3285095428855683,HYBRID_OPEN_SYNTHETIC
Red Deer Regional Hospital Centre,Central,Red Deer,2026-06-02 20:00:00,25.0,31.3,7,0.47714801697435133,1,False,0.48200180594102293,HYBRID_OPEN_SYNTHETIC
Red Deer Regional Hospital Centre,Central,Red Deer,2026-06-02 21:00:00,20.3,25.9,3,0.29317030753352874,0,False,0.23760960763673505,HYBRID_OPEN_SYNTHETIC
Red Deer Regional Hospital Centre,Central,Red Deer,2026-06-02 22:00:00,21.0,23.9,5,0.3420046474356695,1,False,0.3447016266024843,HYBRID_OPEN_SYNTHETIC
Red Deer Regional Hospital Centre,Central,Red Deer,2026-06-02 23:00:00,17.9,19.1,5,0.22509120634588597,0,False,0.3037819222210601,HYBRID_OPEN_SYNTHETIC
Red Deer Regional Hospital Centre,Central,Red Deer,2026-06-03 00:00:00,18.1,23.8,5,0.5380922255903338,1,False,0.41333227895661684,HYBRID_OPEN_SYNTHETIC
Red Deer Regional Hospital Centre,Central,Red Deer,2026-06-03 01:00:00,19.8,25.1,9,0.7513826767183718,0,False,0.6679839368514302,HYBRID_OPEN_SYNTHETIC
Red Deer Regional Hospital Centre,Central,Red Deer,2026-06-03 02:00:00,15.1,21.0,7,0.8406244473115552,0,False,0.6092185565590442,HYBRID_OPEN_SYNTHETIC
Red Deer Regional Hospital Centre,Central,Red Deer,2026-06-03 03:00:00,13.0,14.7,4,0.2978923616226889,0,False,0.28426232656794115,HYBRID_OPEN_SYNTHETIC
Red Deer Regional Hospital Centre,Central,Red Deer,2026-06-03 04:00:00,10.8,16.1,4,0.49345050200671847,0,False,0.3527076757023515,HYBRID_OPEN_SYNTHETIC
Red Deer Regional Hospital Centre,Central,Red Deer,2026-06-03 05:00:00,9.3,14.1,7,0.6487015943680126,1,False,0.5420455580288044,HYBRID_OPEN_SYNTHETIC
Red Deer Regional Hospital Centre,Central,Red Deer,2026-06-03 06:00:00,12.7,13.8,6,0.32783923101391726,0,False,0.38474373085487107,HYBRID_OPEN_SYNTHETIC
Red Deer Regional Hospital Centre,Central,Red Deer,2026-06-03 07:00:00,12.5,17.8,4,0.26616565270143816,0,False,0.2731579784455034,HYBRID_OPEN_SYNTHETIC
Red Deer Regional Hospital Centre,Central,Red Deer,2026-06-03 08:00:00,9.1,13.4,6,0.22678861242406204,0,False,0.3493760143484217,HYBRID_OPEN_SYNTHETIC
Red Deer Regional Hospital Centre,Central,Red Deer,2026-06-03 09:00:00,14.3,17.3,5,0.3614568450849228,1,False,0.351509895779723,HYBRID_OPEN_SYNTHETIC
Red Deer Regional Hospital Centre,Central,Red Deer,2026-06-03 10:00:00,15.3,19.9,10,0.640774080607309,0,False,0.6742709282125582,HYBRID_OPEN_SYNTHETIC
Red Deer Regional Hospital Centre,Central,Red Deer,2026-06-03 11:00:00,22.6,28.1,6,0.4699998301630132,0,False,0.43449994055705465,HYBRID_OPEN_SYNTHETIC
Red Deer Regional Hospital Centre,Central,Red Deer,2026-06-03 12:00:00,21.2,25.2,4,0.2671432531264764,0,False,0.27350013859426675,HYBRID_OPEN_SYNTHETIC
Red Deer Regional Hospital Centre,Central,Red Deer,2026-06-03 13:00:00,23.0,30.4,5,0.5070038436158977,1,False,0.40245134526556414,HYBRID_OPEN_SYNTHETIC
Red Deer Regional Hospital Centre,Central,Red Deer,2026-06-03 14:00:00,20.1,20.1,5,0.36477833058753295,0,False,0.35267241570563657,HYBRID_OPEN_SYNTHETIC
Red Deer Regional Hospital Centre,Central,Red Deer,2026-06-03 15:00:00,23.6,29.8,4,0.27112568238628665,0,False,0.27489398883520033,HYBRID_OPEN_SYNTHETIC
Red Deer Regional Hospital Centre,Central,Red Deer,2026-06-03 16:00:00,25.3,29.5,6,0.5280328351618208,2,True,0.6548114923066373,HYBRID_OPEN_SYNTHETIC
Red Deer Regional Hospital Centre,Central,Red Deer,2026-06-03 17:00:00,27.2,27.2,7,0.48905873630519914,0,False,0.4861705577068197,HYBRID_OPEN_SYNTHETIC
Red Deer Regional Hospital Centre,Central,Red Deer,2026-06-03 18:00:00,24.1,28.4,9,0.7072775352012319,2,False,0.6525471373204312,HYBRID_OPEN_SYNTHETIC
Red Deer Regional Hospital Centre,Central,Red Deer,2026-06-03 19:00:00,21.6,25.2,5,0.4630287936428248,0,False,0.38706007777498863,HYBRID_OPEN_SYNTHETIC
Red Deer Regional Hospital Centre,Central,Red Deer,2026-06-03 20:00:00,20.8,25.2,6,0.3554924574149126,0,False,0.3944223600952194,HYBRID_OPEN_SYNTHETIC
Red Deer Regional Hospital Centre,Central,Red Deer,2026-06-03 21:00:00,19.7,24.5,5,0.34719094669890826,0,False,0.34651683134461786,HYBRID_OPEN_SYNTHETIC
Red Deer Regional Hospital Centre,Central,Red Deer,2026-06-03 22:00:00,20.4,24.2,3,0.25000486670947675,0,False,0.22250170334831687,HYBRID_OPEN_SYNTHETIC
Red Deer Regional Hospital Centre,Central,Red Deer,2026-06-03 23:00:00,17.9,20.9,8,0.8626249904580363,0,False,0.6619187466603127,HYBRID_OPEN_SYNTHETIC
Red Deer Regional Hospital Centre,Central,Red Deer,2026-06-04 00:00:00,17.1,21.3,6,0.5799927207780391,1,False,0.4729974522723137,HYBRID_OPEN_SYNTHETIC
Red Deer Regional Hospital Centre,Central,Red Deer,2026-06-04 01:00:00,11.0,13.9,4,0.442136532538911,0,False,0.33474778638861885,HYBRID_OPEN_SYNTHETIC
Red Deer Regional Hospital Centre,Central,Red Deer,2026-06-04 02:00:00,15.8,23.0,6,0.6894419655095587,0,False,0.5113046879283456,HYBRID_OPEN_SYNTHETIC
Red Deer Regional Hospital Centre,Central,Red Deer,2026-06-04 03:00:00,10.6,15.8,5,0.25928271090655425,0,False,0.315748948817294,HYBRID_OPEN_SYNTHETIC
Red Deer Regional Hospital Centre,Central,Red Deer,2026-06-04 04:00:00,14.2,16.6,7,0.41977106835248057,1,False,0.4619198739233682,HYBRID_OPEN_SYNTHETIC
Red Deer Regional Hospital Centre,Central,Red Deer,2026-06-04 05:00:00,11.3,15.6,8,0.4659829997260979,1,False,0.5230940499041343,HYBRID_OPEN_SYNTHETIC
Red Deer Regional Hospital Centre,Central,Red Deer,2026-06-04 06:00:00,8.3,10.7,5,0.36996125780654415,1,False,0.3544864402322905,HYBRID_OPEN_SYNTHETIC
Red Deer Regional Hospital Centre,Central,Red Deer,2026-06-04 07:00:00,12.3,14.2,5,0.2638660983898098,0,False,0.3173531344364334,HYBRID_OPEN_SYNTHETIC
Red Deer Regional Hospital Centre,Central,Red Deer,2026-06-04 08:00:00,19.3,23.5,4,0.3003381727552904,0,False,0.2851183604643517,HYBRID_OPEN_SYNTHETIC
Northeast Community Health Centre,Edmonton,Edmonton,2026-05-31 09:00:00,13.4,18.8,9,0.8450693268912892,1,False,0.7007742644119512,HYBRID_OPEN_SYNTHETIC
Northeast Community Health Centre,Edmonton,Edmonton,2026-05-31 10:00:00,19.0,20.7,2,0.3089353448569719,0,False,0.19812737069994016,HYBRID_OPEN_SYNTHETIC
Northeast Community Health Centre,Edmonton,Edmonton,2026-05-31 11:00:00,16.9,17.7,6,0.30358288178932274,0,False,0.37625400862626296,HYBRID_OPEN_SYNTHETIC
Northeast Community Health Centre,Edmonton,Edmonton,2026-05-31 12:00:00,18.7,22.7,6,0.4452272241226274,0,False,0.4258295284429196,HYBRID_OPEN_SYNTHETIC
Northeast Community Health Centre,Edmonton,Edmonton,2026-05-31 13:00:00,19.5,21.0,6,0.4503061764007538,0,False,0.4276071617402638,HYBRID_OPEN_SYNTHETIC
Northeast Community Health Centre,Edmonton,Edmonton,2026-05-31 14:00:00,26.9,29.5,4,0.5678719734480601,0,True,0.5787551907068211,HYBRID_OPEN_SYNTHETIC
Northeast Community Health Centre,Edmonton,Edmonton,2026-05-31 15:00:00,23.1,27.6,5,0.5446713123587559,0,False,0.41563495932556455,HYBRID_OPEN_SYNTHETIC
Northeast Community Health Centre,Edmonton,Edmonton,2026-05-31 16:00:00,25.1,30.1,3,0.19885020044942517,0,False,0.20459757015729882,HYBRID_OPEN_SYNTHETIC
Northeast Community Health Centre,Edmonton,Edmonton,2026-05-31 17:00:00,27.6,30.4,3,0.45512299770564396,0,False,0.2942930491969754,HYBRID_OPEN_SYNTHETIC
Northeast Community Health Centre,Edmonton,Edmonton,2026-05-31 18:00:00,27.7,32.5,7,0.39619058106098815,0,False,0.45366670337134585,HYBRID_OPEN_SYNTHETIC
Northeast Community Health Centre,Edmonton,Edmonton,2026-05-31 19:00:00,24.0,27.7,2,0.25287259873071244,0,False,0.17850540955574934,HYBRID_OPEN_SYNTHETIC
Northeast Community Health Centre,Edmonton,Edmonton,2026-05-31 20:00:00,20.7,24.8,6,0.3874575228431767,2,False,0.40561013299511184,HYBRID_OPEN_SYNTHETIC
Northeast Community Health Centre,Edmonton,Edmonton,2026-05-31 21:00:00,23.2,25.3,5,0.27468887711664636,1,False,0.3211411069908262,HYBRID_OPEN_SYNTHETIC
Northeast Community Health Centre,Edmonton,Edmonton,2026-05-31 22:00:00,23.6,24.3,5,0.6116819423562558,1,False,0.4390886798246896,HYBRID_OPEN_SYNTHETIC
Northeast Community Health Centre,Edmonton,Edmonton,2026-05-31 23:00:00,20.1,21.7,5,0.2678943988683844,0,False,0.31876303960393454,HYBRID_OPEN_SYNTHETIC
Northeast Community Health Centre,Edmonton,Edmonton,2026-06-01 00:00:00,18.0,19.7,7,0.6180120980326296,0,False,0.5313042343114204,HYBRID_OPEN_SYNTHETIC
Northeast Community Health Centre,Edmonton,Edmonton,2026-06-01 01:00:00,16.7,19.1,4,0.5278446592622226,1,False,0.3647456307417779,HYBRID_OPEN_SYNTHETIC
Northeast Community Health Centre,Edmonton,Edmonton,2026-06-01 02:00:00,8.3,12.6,4,0.30134689730909947,0,False,0.2854714140581848,HYBRID_OPEN_SYNTHETIC
Northeast Community Health Centre,Edmonton,Edmonton,2026-06-01 03:00:00,10.8,16.4,7,0.33025250887345997,0,False,0.430588378105711,HYBRID_OPEN_SYNTHETIC
Northeast Community Health Centre,Edmonton,Edmonton,2026-06-01 04:00:00,10.2,15.0,3,0.39672180050001327,0,False,0.2738526301750046,HYBRID_OPEN_SYNTHETIC
Northeast Community Health Centre,Edmonton,Edmonton,2026-06-01 05:00:00,8.2,9.2,5,0.31027662351670265,0,False,0.3335968182308459,HYBRID_OPEN_SYNTHETIC
Northeast Community Health Centre,Edmonton,Edmonton,2026-06-01 06:00:00,10.6,16.5,5,0.3450264167416622,0,False,0.34575924585958173,HYBRID_OPEN_SYNTHETIC
Northeast Community Health Centre,Edmonton,Edmonton,2026-06-01 07:00:00,10.9,14.8,2,0.23487668615106022,0,False,0.17220684015287108,HYBRID_OPEN_SYNTHETIC
Northeast Community Health Centre,Edmonton,Edmonton,2026-06-01 08:00:00,12.0,17.0,6,0.43477259701328924,0,False,0.42217040895465124,HYBRID_OPEN_SYNTHETIC
Northeast Community Health Centre,Edmonton,Edmonton,2026-06-01 09:00:00,17.3,18.9,5,0.4395005469401524,0,False,0.37882519142905335,HYBRID_OPEN_SYNTHETIC
Northeast Community Health Centre,Edmonton,Edmonton,2026-06-01 10:00:00,16.1,20.2,6,0.4942979429787305,0,False,0.44300428004255565,HYBRID_OPEN_SYNTHETIC
Northeast Community Health Centre,Edmonton,Edmonton,2026-06-01 11:00:00,19.9,24.3,5,0.4009591368679564,0,False,0.36533569790378473,HYBRID_OPEN_SYNTHETIC
Northeast Community Health Centre,Edmonton,Edmonton,2026-06-01 12:00:00,17.0,22.0,5,0.3243779718298497,0,False,0.3385322901404474,HYBRID_OPEN_SYNTHETIC
Northeast Community Health Centre,Edmonton,Edmonton,2026-06-01 13:00:00,23.6,25.3,4,0.19734294377034936,0,False,0.2490700303196223,HYBRID_OPEN_SYNTHETIC
Northeast Community Health Centre,Edmonton,Edmonton,2026-06-01 14:00:00,19.1,23.1,5,0.22216076179916772,0,False,0.30275626662970867,HYBRID_OPEN_SYNTHETIC
Northeast Community Health Centre,Edmonton,Edmonton,2026-06-01 15:00:00,26.6,29.9,6,0.4418430558108675,0,False,0.42464506953380365,HYBRID_OPEN_SYNTHETIC
Northeast Community Health Centre,Edmonton,Edmonton,2026-06-01 16:00:00,26.1,29.8,4,0.28251324064909233,0,False,0.2788796342271823,HYBRID_OPEN_SYNTHETIC
Northeast Community Health Centre,Edmonton,Edmonton,2026-06-01 17:00:00,24.2,28.1,5,0.445258919684439,0,False,0.38084062188955364,HYBRID_OPEN_SYNTHETIC
Northeast Community Health Centre,Edmonton,Edmonton,2026-06-01 18:00:00,20.3,21.2,6,0.3990602796804189,1,False,0.4096710978881466,HYBRID_OPEN_SYNTHETIC
Northeast Community Health Centre,Edmonton,Edmonton,2026-06-01 19:00:00,26.4,29.9,6,0.3629164795686788,0,False,0.3970207678490376,HYBRID_OPEN_SYNTHETIC
Northeast Community Health Centre,Edmonton,Edmonton,2026-06-01 20:00:00,25.5,29.1,7,0.39246377091176354,1,True,0.6523623198191173,HYBRID_OPEN_SYNTHETIC
Northeast Community Health Centre,Edmonton,Edmonton,2026-06-01 21:00:00,20.2,28.5,4,0.2557566996365182,0,False,0.2695148448727814,HYBRID_OPEN_SYNTHETIC
Northeast Community Health Centre,Edmonton,Edmonton,2026-06-01 22:00:00,17.8,24.8,5,0.23365179752331872,0,False,0.30677812913316155,HYBRID_OPEN_SYNTHETIC
Northeast Community Health Centre,Edmonton,Edmonton,2026-06-01 23:00:00,19.8,23.5,5,0.23045094129225566,1,False,0.3056578294522895,HYBRID_OPEN_SYNTHETIC
Northeast Community Health Centre,Edmonton,Edmonton,2026-06-02 00:00:00,12.9,15.7,6,0.5033830805957182,1,False,0.44618407820850137,HYBRID_OPEN_SYNTHETIC
Northeast Community Health Centre,Edmonton,Edmonton,2026-06-02 01:00:00,12.4,13.4,4,0.39027708216659207,0,False,0.3165969787583072,HYBRID_OPEN_SYNTHETIC
Northeast Community Health Centre,Edmonton,Edmonton,2026-06-02 02:00:00,17.8,21.3,4,0.23882130784792954,1,False,0.2635874577467754,HYBRID_OPEN_SYNTHETIC
Northeast Community Health Centre,Edmonton,Edmonton,2026-06-02 03:00:00,12.6,15.4,5,0.5875709257242443,0,False,0.4306498240034855,HYBRID_OPEN_SYNTHETIC
Northeast Community Health Centre,Edmonton,Edmonton,2026-06-02 04:00:00,9.5,13.0,5,0.25673505176336,0,False,0.31485726811717596,HYBRID_OPEN_SYNTHETIC
Northeast Community Health Centre,Edmonton,Edmonton,2026-06-02 05:00:00,12.0,13.5,2,0.1951618258450251,0,False,0.15830663904575878,HYBRID_OPEN_SYNTHETIC
Northeast Community Health Centre,Edmonton,Edmonton,2026-06-02 06:00:00,6.9,10.3,4,0.5675764840960342,0,False,0.378651769433612,HYBRID_OPEN_SYNTHETIC
Northeast Community Health Centre,Edmonton,Edmonton,2026-06-02 07:00:00,15.5,17.3,6,0.36738394012438474,0,False,0.39858437904353466,HYBRID_OPEN_SYNTHETIC
Northeast Community Health Centre,Edmonton,Edmonton,2026-06-02 08:00:00,15.0,21.3,6,0.5538720529532197,0,False,0.4638552185336269,HYBRID_OPEN_SYNTHETIC
Northeast Community Health Centre,Edmonton,Edmonton,2026-06-02 09:00:00,13.8,15.7,5,0.3873131841889603,0,False,0.3605596144661361,HYBRID_OPEN_SYNTHETIC
Northeast Community Health Centre,Edmonton,Edmonton,2026-06-02 10:00:00,11.1,13.6,2,0.24798518974820016,0,False,0.17679481641187006,HYBRID_OPEN_SYNTHETIC
Northeast Community Health Centre,Edmonton,Edmonton,2026-06-02 11:00:00,16.8,19.4,7,0.5719147749988588,2,False,0.5151701712496006,HYBRID_OPEN_SYNTHETIC
Northeast Community Health Centre,Edmonton,Edmonton,2026-06-02 12:00:00,20.9,26.2,3,0.2370696381490491,0,False,0.21797437335216718,HYBRID_OPEN_SYNTHETIC
Northeast Community Health Centre,Edmonton,Edmonton,2026-06-02 13:00:00,24.1,27.9,3,0.2361508776913633,1,False,0.21765280719197716,HYBRID_OPEN_SYNTHETIC
Northeast Community Health Centre,Edmonton,Edmonton,2026-06-02 14:00:00,24.1,29.4,4,0.35244558326258674,0,True,0.5033559541419054,HYBRID_OPEN_SYNTHETIC
Northeast Community Health Centre,Edmonton,Edmonton,2026-06-02 15:00:00,21.9,27.0,7,0.5413583177151051,0,False,0.5044754112002867,HYBRID_OPEN_SYNTHETIC
Northeast Community Health Centre,Edmonton,Edmonton,2026-06-02 16:00:00,22.9,25.2,3,0.3766470567497816,0,False,0.26682646986242353,HYBRID_OPEN_SYNTHETIC
Northeast Community Health Centre,Edmonton,Edmonton,2026-06-02 17:00:00,25.6,30.2,5,0.3299912276109253,0,True,0.5404969296638238,HYBRID_OPEN_SYNTHETIC
Northeast Community Health Centre,Edmonton,Edmonton,2026-06-02 18:00:00,25.5,29.7,5,0.4986041695993592,0,True,0.5995114593597757,HYBRID_OPEN_SYNTHETIC
Northeast Community Health Centre,Edmonton,Edmonton,2026-06-02 19:00:00,20.3,23.4,6,0.5118134173297813,1,False,0.44913469606542344,HYBRID_OPEN_SYNTHETIC
Northeast Community Health Centre,Edmonton,Edmonton,2026-06-02 20:00:00,23.2,23.2,3,0.28027374292517226,0,False,0.2330958100238103,HYBRID_OPEN_SYNTHETIC
Northeast Community Health Centre,Edmonton,Edmonton,2026-06-02 21:00:00,23.0,26.0,4,0.2711973574741262,0,False,0.27491907511594416,HYBRID_OPEN_SYNTHETIC
Northeast Community Health Centre,Edmonton,Edmonton,2026-06-02 22:00:00,24.2,27.5,6,0.3106889358826527,1,False,0.3787411275589284,HYBRID_OPEN_SYNTHETIC
Northeast Community Health Centre,Edmonton,Edmonton,2026-06-02 23:00:00,22.2,26.6,6,0.5335156056546746,0,False,0.45673046197913614,HYBRID_OPEN_SYNTHETIC
Northeast Community Health Centre,Edmonton,Edmonton,2026-06-03 00:00:00,18.1,23.2,4,0.4349150268747256,0,False,0.33222025940615396,HYBRID_OPEN_SYNTHETIC
Northeast Community Health Centre,Edmonton,Edmonton,2026-06-03 01:00:00,17.9,21.3,8,0.6946311367452727,0,False,0.6031208978608454,HYBRID_OPEN_SYNTHETIC
Northeast Community Health Centre,Edmonton,Edmonton,2026-06-03 02:00:00,12.1,16.0,5,0.4871040288958305,0,False,0.3954864101135407,HYBRID_OPEN_SYNTHETIC
Northeast Community Health Centre,Edmonton,Edmonton,2026-06-03 03:00:00,12.8,16.2,4,0.6395729982243514,0,False,0.403850549378523,HYBRID_OPEN_SYNTHETIC
Northeast Community Health Centre,Edmonton,Edmonton,2026-06-03 04:00:00,8.5,10.2,4,0.23308264172678306,0,False,0.2615789246043741,HYBRID_OPEN_SYNTHETIC
Northeast Community Health Centre,Edmonton,Edmonton,2026-06-03 05:00:00,10.9,18.9,4,0.2946343635246027,0,False,0.28312202723361096,HYBRID_OPEN_SYNTHETIC
Northeast Community Health Centre,Edmonton,Edmonton,2026-06-03 06:00:00,8.3,12.5,4,0.3327600174532088,0,False,0.2964660061086231,HYBRID_OPEN_SYNTHETIC
Northeast Community Health Centre,Edmonton,Edmonton,2026-06-03 07:00:00,14.8,15.9,4,0.3523253933922219,0,False,0.3033138876872777,HYBRID_OPEN_SYNTHETIC
Northeast Community Health Centre,Edmonton,Edmonton,2026-06-03 08:00:00,11.0,11.0,4,0.2865334208353707,0,False,0.28028669729237976,HYBRID_OPEN_SYNTHETIC
Northeast Community Health Centre,Edmonton,Edmonton,2026-06-03 09:00:00,15.5,23.9,3,0.4610095373361065,0,False,0.2963533380676373,HYBRID_OPEN_SYNTHETIC
Northeast Community Health Centre,Edmonton,Edmonton,2026-06-03 10:00:00,15.9,18.1,3,0.24998946198872268,0,False,0.22249631169605294,HYBRID_OPEN_SYNTHETIC
Northeast Community Health Centre,Edmonton,Edmonton,2026-06-03 11:00:00,16.0,19.3,4,0.50283449631527,0,False,0.35599207371034447,HYBRID_OPEN_SYNTHETIC
Northeast Community Health Centre,Edmonton,Edmonton,2026-06-03 12:00:00,20.6,24.6,3,0.43248022431768657,0,False,0.2863680785111903,HYBRID_OPEN_SYNTHETIC
Northeast Community Health Centre,Edmonton,Edmonton,2026-06-03 13:00:00,17.9,20.0,4,0.28438072718439916,0,False,0.2795332545145397,HYBRID_OPEN_SYNTHETIC
Northeast Community Health Centre,Edmonton,Edmonton,2026-06-03 14:00:00,22.1,25.4,4,0.3777469404472519,0,False,0.31221142915653816,HYBRID_OPEN_SYNTHETIC
Northeast Community Health Centre,Edmonton,Edmonton,2026-06-03 15:00:00,23.0,26.6,4,0.37790342612619193,0,False,0.3122661991441672,HYBRID_OPEN_SYNTHETIC
Northeast Community Health Centre,Edmonton,Edmonton,2026-06-03 16:00:00,26.4,28.0,4,0.25121045450331614,1,False,0.26792365907616067,HYBRID_OPEN_SYNTHETIC
Northeast Community Health Centre,Edmonton,Edmonton,2026-06-03 17:00:00,27.8,33.9,6,0.2292688888427896,0,False,0.3502441110949764,HYBRID_OPEN_SYNTHETIC
Northeast Community Health Centre,Edmonton,Edmonton,2026-06-03 18:00:00,23.0,25.7,3,0.2514334930021938,1,False,0.22300172255076783,HYBRID_OPEN_SYNTHETIC
Northeast Community Health Centre,Edmonton,Edmonton,2026-06-03 19:00:00,25.4,29.4,6,0.3656852481059127,1,True,0.5979898368370695,HYBRID_OPEN_SYNTHETIC
Northeast Community Health Centre,Edmonton,Edmonton,2026-06-03 20:00:00,23.2,26.2,6,0.5446787500688732,0,False,0.46063756252410565,HYBRID_OPEN_SYNTHETIC
Northeast Community Health Centre,Edmonton,Edmonton,2026-06-03 21:00:00,21.8,27.2,4,0.28148329607579814,0,False,0.27851915362652935,HYBRID_OPEN_SYNTHETIC
Northeast Community Health Centre,Edmonton,Edmonton,2026-06-03 22:00:00,21.1,21.8,4,0.277179548756346,0,False,0.2770128420647211,HYBRID_OPEN_SYNTHETIC
Northeast Community Health Centre,Edmonton,Edmonton,2026-06-03 23:00:00,13.7,17.3,5,0.23944707982491437,0,False,0.30880647793872,HYBRID_OPEN_SYNTHETIC
Northeast Community Health Centre,Edmonton,Edmonton,2026-06-04 00:00:00,13.0,13.0,4,0.41134107033414946,0,False,0.3239693746169523,HYBRID_OPEN_SYNTHETIC
Northeast Community Health Centre,Edmonton,Edmonton,2026-06-04 01:00:00,15.2,15.4,8,0.5254075511717312,1,False,0.543892642910106,HYBRID_OPEN_SYNTHETIC
Northeast Community Health Centre,Edmonton,Edmonton,2026-06-04 02:00:00,9.5,15.4,3,0.20701158313993331,0,False,0.20745405409897666,HYBRID_OPEN_SYNTHETIC
Northeast Community Health Centre,Edmonton,Edmonton,2026-06-04 03:00:00,14.0,18.1,4,0.4268870874553641,0,False,0.32941048060937744,HYBRID_OPEN_SYNTHETIC
Northeast Community Health Centre,Edmonton,Edmonton,2026-06-04 04:00:00,11.7,17.1,6,0.34429454597798737,0,False,0.3905030910922956,HYBRID_OPEN_SYNTHETIC
Northeast Community Health Centre,Edmonton,Edmonton,2026-06-04 05:00:00,11.1,12.1,6,0.47292869474630816,0,False,0.4355250431612079,HYBRID_OPEN_SYNTHETIC
Northeast Community Health Centre,Edmonton,Edmonton,2026-06-04 06:00:00,12.0,13.2,6,0.4342461846445043,0,False,0.42198616462557653,HYBRID_OPEN_SYNTHETIC
Northeast Community Health Centre,Edmonton,Edmonton,2026-06-04 07:00:00,14.3,21.9,6,0.7367444217731389,0,False,0.5278605476205986,HYBRID_OPEN_SYNTHETIC
Northeast Community Health Centre,Edmonton,Edmonton,2026-06-04 08:00:00,15.2,17.2,6,0.4150829246205889,0,False,0.41527902361720614,HYBRID_OPEN_SYNTHETIC
South Calgary Ambulatory Care Centre,Calgary,Calgary,2026-05-31 09:00:00,11.0,11.8,5,0.3627417280932974,0,False,0.3519596048326541,HYBRID_OPEN_SYNTHETIC
South Calgary Ambulatory Care Centre,Calgary,Calgary,2026-05-31 10:00:00,15.0,15.3,6,0.6909343538836533,1,False,0.5118270238592787,HYBRID_OPEN_SYNTHETIC
South Calgary Ambulatory Care Centre,Calgary,Calgary,2026-05-31 11:00:00,18.1,22.7,2,0.27398969988256844,0,False,0.18589639495889895,HYBRID_OPEN_SYNTHETIC
South Calgary Ambulatory Care Centre,Calgary,Calgary,2026-05-31 12:00:00,19.9,24.0,6,0.5313985598019482,0,False,0.45598949593068183,HYBRID_OPEN_SYNTHETIC
South Calgary Ambulatory Care Centre,Calgary,Calgary,2026-05-31 13:00:00,19.8,24.1,6,0.47903532276608357,0,False,0.43766236296812927,HYBRID_OPEN_SYNTHETIC
South Calgary Ambulatory Care Centre,Calgary,Calgary,2026-05-31 14:00:00,22.2,25.4,2,0.23965974706963292,0,False,0.1738809114743715,HYBRID_OPEN_SYNTHETIC
South Calgary Ambulatory Care Centre,Calgary,Calgary,2026-05-31 15:00:00,24.2,27.7,5,0.5118551834707388,0,False,0.4041493142147585,HYBRID_OPEN_SYNTHETIC
South Calgary Ambulatory Care Centre,Calgary,Calgary,2026-05-31 16:00:00,23.2,26.8,4,0.26649210976384363,0,False,0.27327223841734527,HYBRID_OPEN_SYNTHETIC
South Calgary Ambulatory Care Centre,Calgary,Calgary,2026-05-31 17:00:00,22.5,27.8,3,0.39639956038093704,0,False,0.27373984613332797,HYBRID_OPEN_SYNTHETIC
South Calgary Ambulatory Care Centre,Calgary,Calgary,2026-05-31 18:00:00,22.6,24.0,5,0.29439530956042675,0,False,0.32803835834614936,HYBRID_OPEN_SYNTHETIC
South Calgary Ambulatory Care Centre,Calgary,Calgary,2026-05-31 19:00:00,24.8,29.1,4,0.19268314166688527,0,False,0.24743909958340987,HYBRID_OPEN_SYNTHETIC
South Calgary Ambulatory Care Centre,Calgary,Calgary,2026-05-31 20:00:00,24.6,31.5,5,0.5096676202296108,0,False,0.4033836670803638,HYBRID_OPEN_SYNTHETIC
South Calgary Ambulatory Care Centre,Calgary,Calgary,2026-05-31 21:00:00,19.9,22.9,1,0.1445975304491966,0,False,0.09560913565721882,HYBRID_OPEN_SYNTHETIC
South Calgary Ambulatory Care Centre,Calgary,Calgary,2026-05-31 22:00:00,19.5,27.4,3,0.16073844151976954,1,False,0.19125845453191934,HYBRID_OPEN_SYNTHETIC
South Calgary Ambulatory Care Centre,Calgary,Calgary,2026-05-31 23:00:00,19.0,21.7,6,0.35006292180270115,1,False,0.39252202263094543,HYBRID_OPEN_SYNTHETIC
South Calgary Ambulatory Care Centre,Calgary,Calgary,2026-06-01 00:00:00,15.4,18.9,1,0.204332126343145,0,False,0.11651624422010073,HYBRID_OPEN_SYNTHETIC
South Calgary Ambulatory Care Centre,Calgary,Calgary,2026-06-01 01:00:00,9.5,16.4,6,0.45957914353604223,1,False,0.4308527002376148,HYBRID_OPEN_SYNTHETIC
South Calgary Ambulatory Care Centre,Calgary,Calgary,2026-06-01 02:00:00,13.1,16.3,6,0.3158980797290573,0,False,0.3805643279051701,HYBRID_OPEN_SYNTHETIC
South Calgary Ambulatory Care Centre,Calgary,Calgary,2026-06-01 03:00:00,11.1,14.7,5,0.37120643147540283,0,False,0.35492225101639097,HYBRID_OPEN_SYNTHETIC
South Calgary Ambulatory Care Centre,Calgary,Calgary,2026-06-01 04:00:00,10.9,15.1,7,0.32293782810625316,1,False,0.42802823983718863,HYBRID_OPEN_SYNTHETIC
South Calgary Ambulatory Care Centre,Calgary,Calgary,2026-06-01 05:00:00,10.8,13.7,4,0.35218838095661936,0,False,0.3032659333348168,HYBRID_OPEN_SYNTHETIC
South Calgary Ambulatory Care Centre,Calgary,Calgary,2026-06-01 06:00:00,11.4,13.4,5,0.3459743556574228,0,False,0.346091024480098,HYBRID_OPEN_SYNTHETIC
South Calgary Ambulatory Care Centre,Calgary,Calgary,2026-06-01 07:00:00,9.5,11.4,1,0.2716294944756496,0,False,0.14007032306647735,HYBRID_OPEN_SYNTHETIC
South Calgary Ambulatory Care Centre,Calgary,Calgary,2026-06-01 08:00:00,13.8,19.8,5,0.5390060839828388,0,False,0.41365212939399354,HYBRID_OPEN_SYNTHETIC
South Calgary Ambulatory Care Centre,Calgary,Calgary,2026-06-01 09:00:00,14.8,20.1,1,0.16849737971789774,1,False,0.10397408290126421,HYBRID_OPEN_SYNTHETIC
South Calgary Ambulatory Care Centre,Calgary,Calgary,2026-06-01 10:00:00,14.0,18.3,6,0.42681853572171724,0,False,0.41938648750260105,HYBRID_OPEN_SYNTHETIC
South Calgary Ambulatory Care Centre,Calgary,Calgary,2026-06-01 11:00:00,14.8,17.8,4,0.1666182168019623,0,False,0.23831637588068683,HYBRID_OPEN_SYNTHETIC
South Calgary Ambulatory Care Centre,Calgary,Calgary,2026-06-01 12:00:00,22.8,24.4,6,0.29883600499888124,0,False,0.37459260174960846,HYBRID_OPEN_SYNTHETIC
South Calgary Ambulatory Care Centre,Calgary,Calgary,2026-06-01 13:00:00,24.7,29.0,2,0.14703867897266373,0,False,0.14146353764043232,HYBRID_OPEN_SYNTHETIC
South Calgary Ambulatory Care Centre,Calgary,Calgary,2026-06-01 14:00:00,23.7,29.4,5,0.4524412156793924,0,False,0.3833544254877873,HYBRID_OPEN_SYNTHETIC
South Calgary Ambulatory Care Centre,Calgary,Calgary,2026-06-01 15:00:00,20.7,23.8,7,0.8645850449329585,2,False,0.6176047657265354,HYBRID_OPEN_SYNTHETIC
South Calgary Ambulatory Care Centre,Calgary,Calgary,2026-06-01 16:00:00,26.2,30.4,4,0.13751421953787582,2,True,0.4281299768382566,HYBRID_OPEN_SYNTHETIC
South Calgary Ambulatory Care Centre,Calgary,Calgary,2026-06-01 17:00:00,23.5,25.9,5,0.21489460772324276,1,False,0.300213112703135,HYBRID_OPEN_SYNTHETIC
South Calgary Ambulatory Care Centre,Calgary,Calgary,2026-06-01 18:00:00,25.7,31.0,4,0.3856558239418236,0,False,0.31497953837963827,HYBRID_OPEN_SYNTHETIC
South Calgary Ambulatory Care Centre,Calgary,Calgary,2026-06-01 19:00:00,26.1,31.8,6,0.6247249768038355,0,False,0.4886537418813425,HYBRID_OPEN_SYNTHETIC
South Calgary Ambulatory Care Centre,Calgary,Calgary,2026-06-01 20:00:00,21.1,24.8,1,0.3066815826477021,0,False,0.15233855392669574,HYBRID_OPEN_SYNTHETIC
South Calgary Ambulatory Care Centre,Calgary,Calgary,2026-06-01 21:00:00,25.1,27.3,5,0.19096797656978354,1,False,0.29183879179942424,HYBRID_OPEN_SYNTHETIC
South Calgary Ambulatory Care Centre,Calgary,Calgary,2026-06-01 22:00:00,23.5,25.4,4,0.25036538035617384,1,False,0.26762788312466085,HYBRID_OPEN_SYNTHETIC
South Calgary Ambulatory Care Centre,Calgary,Calgary,2026-06-01 23:00:00,16.8,19.1,7,0.6500893727220693,1,False,0.5425312804527243,HYBRID_OPEN_SYNTHETIC
South Calgary Ambulatory Care Centre,Calgary,Calgary,2026-06-02 00:00:00,18.1,22.2,5,0.15926055841351608,0,False,0.28074119544473064,HYBRID_OPEN_SYNTHETIC
South Calgary Ambulatory Care Centre,Calgary,Calgary,2026-06-02 01:00:00,13.8,17.1,5,0.2850016051070201,0,False,0.32475056178745704,HYBRID_OPEN_SYNTHETIC
South Calgary Ambulatory Care Centre,Calgary,Calgary,2026-06-02 02:00:00,13.3,16.6,4,0.3784193026172028,1,False,0.312446755916021,HYBRID_OPEN_SYNTHETIC
South Calgary Ambulatory Care Centre,Calgary,Calgary,2026-06-02 03:00:00,14.7,17.1,5,0.3671956627832855,0,False,0.3535184819741499,HYBRID_OPEN_SYNTHETIC
South Calgary Ambulatory Care Centre,Calgary,Calgary,2026-06-02 04:00:00,12.1,14.1,6,0.45507339711858746,0,False,0.4292756889915056,HYBRID_OPEN_SYNTHETIC
South Calgary Ambulatory Care Centre,Calgary,Calgary,2026-06-02 05:00:00,8.6,11.5,5,0.2912030415596406,0,False,0.3269210645458742,HYBRID_OPEN_SYNTHETIC
South Calgary Ambulatory Care Centre,Calgary,Calgary,2026-06-02 06:00:00,11.1,18.5,6,0.4326091174100538,0,False,0.4214131910935188,HYBRID_OPEN_SYNTHETIC
South Calgary Ambulatory Care Centre,Calgary,Calgary,2026-06-02 07:00:00,14.6,17.2,5,0.16960045959684433,1,False,0.28436016085889554,HYBRID_OPEN_SYNTHETIC
South Calgary Ambulatory Care Centre,Calgary,Calgary,2026-06-02 08:00:00,9.4,12.1,3,0.3298812185978811,0,False,0.25045842650925837,HYBRID_OPEN_SYNTHETIC
South Calgary Ambulatory Care Centre,Calgary,Calgary,2026-06-02 09:00:00,14.5,18.3,3,0.20703195165754862,0,False,0.20746118308014203,HYBRID_OPEN_SYNTHETIC
South Calgary Ambulatory Care Centre,Calgary,Calgary,2026-06-02 10:00:00,15.2,21.1,4,0.35267540431940364,0,False,0.3034363915117913,HYBRID_OPEN_SYNTHETIC
South Calgary Ambulatory Care Centre,Calgary,Calgary,2026-06-02 11:00:00,18.7,20.9,4,0.18467621216723595,0,False,0.24463667425853258,HYBRID_OPEN_SYNTHETIC
South Calgary Ambulatory Care Centre,Calgary,Calgary,2026-06-02 12:00:00,18.1,24.0,7,0.606456808417013,0,False,0.5272598829459545,HYBRID_OPEN_SYNTHETIC
South Calgary Ambulatory Care Centre,Calgary,Calgary,2026-06-02 13:00:00,18.9,24.4,6,0.44286420441821583,0,False,0.42500247154637555,HYBRID_OPEN_SYNTHETIC
South Calgary Ambulatory Care Centre,Calgary,Calgary,2026-06-02 14:00:00,23.8,30.3,3,0.2729530319440586,0,False,0.2305335611804205,HYBRID_OPEN_SYNTHETIC
South Calgary Ambulatory Care Centre,Calgary,Calgary,2026-06-02 15:00:00,26.7,32.3,4,0.31243129478139303,0,True,0.4893509531734876,HYBRID_OPEN_SYNTHETIC
South Calgary Ambulatory Care Centre,Calgary,Calgary,2026-06-02 16:00:00,21.8,25.2,6,0.6211257081267155,0,False,0.48739399784435045,HYBRID_OPEN_SYNTHETIC
South Calgary Ambulatory Care Centre,Calgary,Calgary,2026-06-02 17:00:00,24.0,27.8,3,0.20034465036392501,0,False,0.20512062762737376,HYBRID_OPEN_SYNTHETIC
South Calgary Ambulatory Care Centre,Calgary,Calgary,2026-06-02 18:00:00,24.8,24.8,4,0.33816210229613985,0,False,0.29835673580364896,HYBRID_OPEN_SYNTHETIC
South Calgary Ambulatory Care Centre,Calgary,Calgary,2026-06-02 19:00:00,25.5,27.1,5,0.3492017613735774,2,False,0.3472206164807521,HYBRID_OPEN_SYNTHETIC
South Calgary Ambulatory Care Centre,Calgary,Calgary,2026-06-02 20:00:00,24.9,25.9,4,0.30544094956577783,1,False,0.28690433234802226,HYBRID_OPEN_SYNTHETIC
South Calgary Ambulatory Care Centre,Calgary,Calgary,2026-06-02 21:00:00,18.9,24.8,4,0.4694278079552162,1,False,0.3442997327843257,HYBRID_OPEN_SYNTHETIC
South Calgary Ambulatory Care Centre,Calgary,Calgary,2026-06-02 22:00:00,19.9,19.9,3,0.40318661663751887,2,False,0.2761153158231316,HYBRID_OPEN_SYNTHETIC
South Calgary Ambulatory Care Centre,Calgary,Calgary,2026-06-02 23:00:00,13.5,16.1,6,0.41761706493319134,0,False,0.416165972726617,HYBRID_OPEN_SYNTHETIC
South Calgary Ambulatory Care Centre,Calgary,Calgary,2026-06-03 00:00:00,14.1,18.8,5,0.3776599266944866,0,False,0.3571809743430703,HYBRID_OPEN_SYNTHETIC
South Calgary Ambulatory Care Centre,Calgary,Calgary,2026-06-03 01:00:00,16.7,21.1,2,0.18577676920620262,0,False,0.15502186922217093,HYBRID_OPEN_SYNTHETIC
South Calgary Ambulatory Care Centre,Calgary,Calgary,2026-06-03 02:00:00,14.0,18.0,4,0.33920826362749057,0,False,0.29872289226962173,HYBRID_OPEN_SYNTHETIC
South Calgary Ambulatory Care Centre,Calgary,Calgary,2026-06-03 03:00:00,4.1,9.6,3,0.1625747452963948,0,False,0.19190116085373818,HYBRID_OPEN_SYNTHETIC
South Calgary Ambulatory Care Centre,Calgary,Calgary,2026-06-03 04:00:00,6.8,8.3,5,0.3737509388537332,0,False,0.3558128285988066,HYBRID_OPEN_SYNTHETIC
South Calgary Ambulatory Care Centre,Calgary,Calgary,2026-06-03 05:00:00,8.0,10.9,5,0.30077115795204246,0,False,0.33026990528321487,HYBRID_OPEN_SYNTHETIC
South Calgary Ambulatory Care Centre,Calgary,Calgary,2026-06-03 06:00:00,9.6,14.1,4,0.2505203024348779,0,False,0.2676821058522073,HYBRID_OPEN_SYNTHETIC
South Calgary Ambulatory Care Centre,Calgary,Calgary,2026-06-03 07:00:00,14.4,14.4,3,0.23373403161567025,0,False,0.2168069110654846,HYBRID_OPEN_SYNTHETIC
South Calgary Ambulatory Care Centre,Calgary,Calgary,2026-06-03 08:00:00,12.7,14.6,2,0.1634970564744062,0,False,0.14722396976604218,HYBRID_OPEN_SYNTHETIC
South Calgary Ambulatory Care Centre,Calgary,Calgary,2026-06-03 09:00:00,13.8,17.2,5,0.43612016581708746,1,False,0.3776420580359806,HYBRID_OPEN_SYNTHETIC
South Calgary Ambulatory Care Centre,Calgary,Calgary,2026-06-03 10:00:00,16.9,22.0,6,0.15695010946394972,0,False,0.3249325383123824,HYBRID_OPEN_SYNTHETIC
South Calgary Ambulatory Care Centre,Calgary,Calgary,2026-06-03 11:00:00,17.7,22.5,3,0.16152577956617042,0,False,0.19153402284815965,HYBRID_OPEN_SYNTHETIC
South Calgary Ambulatory Care Centre,Calgary,Calgary,2026-06-03 12:00:00,21.1,22.4,5,0.46063977653470817,0,False,0.3862239217871478,HYBRID_OPEN_SYNTHETIC
South Calgary Ambulatory Care Centre,Calgary,Calgary,2026-06-03 13:00:00,22.6,27.7,4,0.33362884048550556,0,False,0.29677009416992695,HYBRID_OPEN_SYNTHETIC
South Calgary Ambulatory Care Centre,Calgary,Calgary,2026-06-03 14:00:00,22.0,27.2,7,0.510752166417853,0,False,0.49376325824624856,HYBRID_OPEN_SYNTHETIC
South Calgary Ambulatory Care Centre,Calgary,Calgary,2026-06-03 15:00:00,26.2,26.9,5,0.5846336406537946,1,False,0.4296217742288281,HYBRID_OPEN_SYNTHETIC
South Calgary Ambulatory Care Centre,Calgary,Calgary,2026-06-03 16:00:00,24.8,28.4,3,0.36048804015011404,0,False,0.26117081405253995,HYBRID_OPEN_SYNTHETIC
South Calgary Ambulatory Care Centre,Calgary,Calgary,2026-06-03 17:00:00,23.1,26.7,3,0.3833962760639893,1,False,0.26918869662239625,HYBRID_OPEN_SYNTHETIC
South Calgary Ambulatory Care Centre,Calgary,Calgary,2026-06-03 18:00:00,26.9,30.3,5,0.3671751108230004,0,False,0.35351128878805016,HYBRID_OPEN_SYNTHETIC
South Calgary Ambulatory Care Centre,Calgary,Calgary,2026-06-03 19:00:00,27.8,33.5,5,0.3835338179775935,1,True,0.5592368362921578,HYBRID_OPEN_SYNTHETIC
South Calgary Ambulatory Care Centre,Calgary,Calgary,2026-06-03 20:00:00,23.0,25.7,3,0.1675330779060336,0,False,0.19363657726711175,HYBRID_OPEN_SYNTHETIC
South Calgary Ambulatory Care Centre,Calgary,Calgary,2026-06-03 21:00:00,19.2,24.3,4,0.29466557229264234,0,False,0.2831329503024248,HYBRID_OPEN_SYNTHETIC
South Calgary Ambulatory Care Centre,Calgary,Calgary,2026-06-03 22:00:00,21.1,24.5,5,0.44365653795237103,0,False,0.38027978828332987,HYBRID_OPEN_SYNTHETIC
South Calgary Ambulatory Care Centre,Calgary,Calgary,2026-06-03 23:00:00,17.9,18.9,3,0.33252633484265104,0,False,0.2513842171949279,HYBRID_OPEN_SYNTHETIC
South Calgary Ambulatory Care Centre,Calgary,Calgary,2026-06-04 00:00:00,21.1,25.1,4,0.29536012519114774,0,False,0.28337604381690173,HYBRID_OPEN_SYNTHETIC
South Calgary Ambulatory Care Centre,Calgary,Calgary,2026-06-04 01:00:00,17.4,19.3,3,0.1979001529611904,0,False,0.20426505353641666,HYBRID_OPEN_SYNTHETIC
South Calgary Ambulatory Care Centre,Calgary,Calgary,2026-06-04 02:00:00,13.4,19.0,4,0.20053161654732035,0,False,0.2501860657915621,HYBRID_OPEN_SYNTHETIC
South Calgary Ambulatory Care Centre,Calgary,Calgary,2026-06-04 03:00:00,13.3,15.7,2,0.24126397493971502,0,False,0.17444239122890026,HYBRID_OPEN_SYNTHETIC
South Calgary Ambulatory Care Centre,Calgary,Calgary,2026-06-04 04:00:00,11.3,16.0,5,0.14882882034727912,0,False,0.2770900871215477,HYBRID_OPEN_SYNTHETIC
South Calgary Ambulatory Care Centre,Calgary,Calgary,2026-06-04 05:00:00,16.1,19.5,3,0.20346996349283414,0,False,0.20621448722249197,HYBRID_OPEN_SYNTHETIC
South Calgary Ambulatory Care Centre,Calgary,Calgary,2026-06-04 06:00:00,12.2,12.4,8,0.6709049878140186,0,False,0.5948167457349065,HYBRID_OPEN_SYNTHETIC
South Calgary Ambulatory Care Centre,Calgary,Calgary,2026-06-04 07:00:00,14.3,19.7,5,0.4731541142407859,0,False,0.39060393998427506,HYBRID_OPEN_SYNTHETIC
South Calgary Ambulatory Care Centre,Calgary,Calgary,2026-06-04 08:00:00,11.8,14.9,5,0.5441263838786279,0,False,0.41544423435751976,HYBRID_OPEN_SYNTHETIC
